id,first_name,last_name,email,gender,ip_address,physical_address
1,Marley,Jeandon,mjeandon0@businesswire.com,Female,,Room 252
2,Filip,Clausner,fclausner1@hostgator.com,Male,237.116.24.14,PO Box 67229
3,Jae,Yurocjkin,jyurocjkin2@dailymail.co.uk,Male,63.252.144.196,18th Floor
4,Henrie,Peye,hpeye3@fema.gov,Female,141.62.156.239,Room 314
5,Georgine,Earngy,gearngy4@bluehost.com,Female,,Suite 18
6,Lyndsay,Dalloway,ldalloway5@nbcnews.com,Female,250.146.78.164,Suite 42
7,Carlyle,Kuna,ckuna6@jugem.jp,Male,182.235.235.143,Suite 32
8,Celestine,Ransfield,cransfield7@army.mil,Non-binary,45.144.78.59,Room 222
9,Tommy,Ionesco,tionesco8@chron.com,Female,145.131.55.90,PO Box 93002
10,Jerrome,Halleday,jhalleday9@webnode.com,,194.61.8.88,PO Box 70615
11,Katharina,Burt,kburta@oaic.gov.au,Female,225.42.190.193,PO Box 79420
12,Ced,Moggle,cmoggleb@dmoz.org,Male,225.150.163.103,PO Box 45825
13,Dan,Sargint,dsargintc@boston.com,Male,42.181.164.99,PO Box 37242
14,Humfried,Moncreiffe,hmoncreiffed@sun.com,Male,74.165.173.132,Room 1140
15,Karel,Joseff,kjoseffe@blogspot.com,Female,61.62.74.148,Apt 1186
16,Allianora,Grosvenor,agrosvenorf@msu.edu,,243.36.236.128,20th Floor
17,Dorthy,Coenraets,dcoenraetsg@baidu.com,Female,220.79.203.185,
18,Mahmoud,Gofford,mgoffordh@smh.com.au,Male,243.222.0.230,PO Box 11308
19,Free,MacGoun,fmacgouni@arstechnica.com,Male,69.151.183.64,Apt 1146
20,Blanche,Want,bwantj@google.ru,Female,247.8.55.67,PO Box 7179
21,Darby,Bockler,dbocklerk@netvibes.com,,33.33.11.51,16th Floor
22,Gary,Dearman,gdearmanl@live.com,Male,82.41.193.203,Room 1840
23,Mordecai,Keeltagh,mkeeltaghm@toplist.cz,Male,182.89.63.216,
24,Gale,Wraith,gwraithn@hp.com,Polygender,14.176.66.121,
25,Lucienne,Plomer,lplomero@dedecms.com,Female,110.14.170.254,PO Box 59625
26,Monroe,Zellner,mzellnerp@123-reg.co.uk,Male,246.238.47.172,
27,Whit,Scholfield,wscholfieldq@blinklist.com,Male,156.143.209.62,Suite 44
28,Amy,Andrick,aandrickr@prnewswire.com,Genderfluid,154.128.121.81,
29,Patty,Spadazzi,pspadazzis@flavors.me,Genderfluid,105.58.180.112,Room 708
30,Sybila,Bewfield,sbewfieldt@slideshare.net,Genderqueer,210.251.102.155,Room 1893
31,Farra,Seven,fsevenu@usatoday.com,Female,93.250.117.0,PO Box 79153
32,Radcliffe,Eamer,reamerv@irs.gov,Male,105.83.61.95,Suite 19
33,Betteann,Pfleger,bpflegerw@indiegogo.com,Female,249.14.68.255,Room 1316
34,Moise,Durgan,mdurganx@webeden.co.uk,Male,,Room 251
35,Lauren,Liddel,lliddely@cornell.edu,Male,17.17.64.125,
36,Ariadne,Bengefield,abengefieldz@sphinn.com,Female,,PO Box 18377
37,Benjamin,Orrow,borrow10@themeforest.net,Male,83.131.23.118,PO Box 73540
38,Rancell,Dormer,rdormer11@weather.com,Male,108.87.124.134,Apt 736
39,Omero,Tyson,otyson12@auda.org.au,Male,147.63.235.122,Apt 329
40,Dulciana,Lude,dlude13@goo.ne.jp,Female,39.203.171.247,
41,Barbaraanne,Mainz,bmainz14@elpais.com,Female,97.125.207.31,Suite 16
42,Scottie,Maskew,smaskew15@geocities.jp,Male,148.247.213.131,Apt 1579
43,Quinton,Dyche,qdyche16@uol.com.br,Male,176.108.15.88,Room 195
44,Myrvyn,Realy,mrealy17@vkontakte.ru,Male,160.18.196.182,18th Floor
45,Asher,Mangeney,amangeney18@i2i.jp,Male,129.63.177.112,PO Box 42846
46,Johna,Oxer,joxer19@issuu.com,Female,235.237.242.85,Suite 98
47,Tracy,Greenan,tgreenan1a@cyberchimps.com,Female,44.43.173.61,3rd Floor
48,Debee,Lampbrecht,dlampbrecht1b@jigsy.com,Female,212.158.118.208,4th Floor
49,Catherine,Reen,creen1c@va.gov,Female,219.46.88.153,Apt 1863
50,Suzanna,Aimer,saimer1d@github.io,Female,237.111.117.58,Apt 1816
51,Arron,Vicar,avicar1e@pcworld.com,Male,126.31.112.237,Apt 1109
52,Tadeas,Yon,tyon1f@domainmarket.com,Male,62.80.73.209,
53,Donnamarie,Sammonds,dsammonds1g@storify.com,Female,116.252.28.122,Apt 1062
54,Barrett,Memmory,bmemmory1h@usa.gov,Male,,5th Floor
55,Lowe,Kas,lkas1i@ebay.co.uk,Male,37.142.5.65,
56,Rod,Kinnett,rkinnett1j@wp.com,Male,97.254.28.149,PO Box 91829
57,Olivia,Gartell,ogartell1k@unblog.fr,Non-binary,101.90.97.218,Room 1133
58,Andres,Rearden,arearden1l@vinaora.com,Male,109.187.93.90,
59,Edd,Keepence,ekeepence1m@state.gov,Male,51.142.112.61,Suite 69
60,Marcello,Shakshaft,mshakshaft1n@ycombinator.com,Male,137.20.236.151,Apt 1307
61,Felipe,Britten,fbritten1o@washington.edu,,216.32.23.146,Apt 757
62,Rozele,Lorent,rlorent1p@odnoklassniki.ru,Female,114.7.217.68,
63,Jarvis,Szubert,jszubert1q@google.it,Male,244.97.161.174,Apt 1581
64,Mattheus,Franzel,mfranzel1r@newyorker.com,Male,,Apt 349
65,Zea,Haglinton,zhaglinton1s@ucla.edu,Female,38.211.101.144,Apt 1893
66,Darcy,Mac,dmac1t@slate.com,Male,52.131.241.239,PO Box 97114
67,Gill,Stowers,gstowers1u@bloomberg.com,Male,65.139.48.78,PO Box 62541
68,Dal,Willbond,dwillbond1v@theguardian.com,Male,22.251.34.255,PO Box 10958
69,Kelci,Pollendine,kpollendine1w@yale.edu,Female,231.119.198.171,PO Box 17773
70,Issiah,Guice,iguice1x@hibu.com,Male,67.160.122.41,Room 1950
71,Rozamond,Worley,rworley1y@gizmodo.com,Female,76.102.201.167,
72,Melisent,Fellibrand,mfellibrand1z@soup.io,Female,53.36.13.144,PO Box 72985
73,Sarge,Klewi,sklewi20@pbs.org,Male,79.198.2.219,Apt 708
74,Barney,Eve,beve21@mlb.com,Male,51.243.238.220,Room 886
75,Tera,Kase,tkase22@chron.com,Female,84.146.141.146,Apt 1007
76,Pernell,Ramshay,pramshay23@nsw.gov.au,,124.182.241.155,5th Floor
77,Urbanus,Mendel,umendel24@shinystat.com,Male,233.129.245.47,Suite 60
78,Allard,Gotch,agotch25@bandcamp.com,Male,163.243.184.207,PO Box 66701
79,Ruthe,Cantor,rcantor26@clickbank.net,Female,231.174.162.255,Room 126
80,Hedi,covino,hcovino27@hostgator.com,Female,162.189.22.199,Room 973
81,Yvor,Cazalet,ycazalet28@domainmarket.com,Male,113.12.7.92,8th Floor
82,Rad,Springford,rspringford29@t-online.de,Male,210.247.21.125,Suite 49
83,Calhoun,Dinneges,cdinneges2a@histats.com,Agender,29.197.81.63,6th Floor
84,Preston,Ruoss,pruoss2b@patch.com,,59.193.95.172,PO Box 79083
85,Pattie,Bouts,pbouts2c@latimes.com,Agender,255.172.195.222,
86,Aylmar,O'Downe,aodowne2d@theatlantic.com,Male,50.28.41.91,Apt 1396
87,Emma,Schwander,eschwander2e@google.ca,Female,228.83.38.32,Apt 424
88,Rochelle,Sogg,rsogg2f@omniture.com,Female,127.61.131.254,Apt 516
89,Rhianna,Lamberts,rlamberts2g@usgs.gov,Female,116.156.176.62,
90,Derrik,Elston,delston2h@indiegogo.com,Male,66.15.140.80,Apt 1153
91,Ulrika,Bastow,ubastow2i@scientificamerican.com,Female,96.198.148.241,Apt 1757
92,Silvie,Leward,sleward2j@4shared.com,Female,214.51.58.198,Apt 1477
93,Gabbey,Kibbel,gkibbel2k@businessweek.com,Agender,201.150.114.228,
94,Rriocard,Matlock,rmatlock2l@surveymonkey.com,Male,,14th Floor
95,Malynda,Draysey,mdraysey2m@msu.edu,Female,49.109.100.0,
96,Angie,Saint,asaint2n@cornell.edu,Female,220.11.104.199,Apt 1312
97,Sherie,Smitheman,ssmitheman2o@cmu.edu,Female,196.149.188.33,Suite 65
98,Jilleen,Daskiewicz,jdaskiewicz2p@live.com,Female,,PO Box 15685
99,Catlin,Merlin,cmerlin2q@foxnews.com,Female,122.116.131.36,PO Box 61055
100,Gay,Villar,gvillar2r@hao123.com,Female,176.70.204.8,
101,Leroi,Benedite,lbenedite2s@mashable.com,Male,132.179.130.155,Suite 89
102,Dora,Vasyukhnov,dvasyukhnov2t@cargocollective.com,Female,46.222.2.176,Suite 24
103,Mercie,Whenham,mwhenham2u@samsung.com,Female,152.106.61.105,PO Box 98540
104,Levey,O'Siaghail,losiaghail2v@huffingtonpost.com,Agender,212.139.231.89,
105,Hadley,Pigeram,hpigeram2w@alexa.com,Male,94.181.1.151,Room 1239
106,Calida,Ambrogelli,cambrogelli2x@guardian.co.uk,Female,229.219.34.221,Room 776
107,Jessi,Walkowski,jwalkowski2y@php.net,Female,94.184.204.170,
108,Marcelo,Shewring,mshewring2z@xing.com,Male,54.95.156.159,Suite 77
109,Silvia,Quincey,squincey30@angelfire.com,Female,117.222.170.93,Apt 1897
110,Poppy,Tregonna,ptregonna31@shinystat.com,Female,143.58.105.35,14th Floor
111,Pooh,Laxen,plaxen32@accuweather.com,Male,95.193.219.59,
112,Geri,Flaxman,gflaxman33@huffingtonpost.com,Male,,Suite 66
113,Baldwin,Cridge,bcridge34@vinaora.com,Male,251.165.243.193,Room 1494
114,Ronnie,Scotchmer,rscotchmer35@surveymonkey.com,Male,78.66.33.36,PO Box 65449
115,Giusto,Jeary,gjeary36@phoca.cz,Male,210.70.20.97,Suite 30
116,Hew,Priden,hpriden37@ebay.co.uk,Male,79.154.10.255,Room 927
117,Suzann,Nelligan,snelligan38@alexa.com,,10.251.109.126,Room 1417
118,Rachael,Stearne,rstearne39@surveymonkey.com,Female,109.241.247.83,
119,Mort,Dewar,mdewar3a@nsw.gov.au,Male,183.126.251.65,Suite 90
120,Gordie,Jubert,gjubert3b@mediafire.com,Polygender,249.20.208.241,Suite 15
121,Akim,Margiotta,amargiotta3c@cloudflare.com,Agender,92.112.91.127,7th Floor
122,Robbi,Grevatt,rgrevatt3d@upenn.edu,Female,248.149.73.224,Room 1762
123,Ode,Boland,oboland3e@ft.com,Male,231.230.9.4,Room 186
124,Derek,McSweeney,dmcsweeney3f@storify.com,Male,247.231.10.195,Room 1383
125,Clo,Salisbury,csalisbury3g@jalbum.net,Female,103.110.32.245,
126,Odell,Dusey,odusey3h@ucoz.com,Male,,
127,Harlin,Usher,husher3i@chron.com,Male,69.24.16.134,
128,Patrizius,Mundy,pmundy3j@fotki.com,Male,107.19.206.206,Room 950
129,Prescott,Hawkswood,phawkswood3k@ning.com,Male,199.191.158.25,3rd Floor
130,Carroll,Dewhirst,cdewhirst3l@sciencedaily.com,Female,66.12.235.21,
131,Ulysses,Brandone,ubrandone3m@dropbox.com,Male,97.122.37.199,Apt 534
132,Leicester,Burlingham,lburlingham3n@upenn.edu,,65.138.240.172,Room 451
133,Gilberte,Hesbrook,ghesbrook3o@patch.com,Female,209.158.159.143,PO Box 58446
134,Mirabelle,Asling,masling3p@constantcontact.com,Female,24.247.3.71,PO Box 68924
135,Josselyn,Gillitt,jgillitt3q@free.fr,Female,116.227.231.173,Room 1636
136,Sigfrid,Cavey,scavey3r@topsy.com,Male,216.230.117.17,Apt 1156
137,Magnum,Abrahami,mabrahami3s@ehow.com,Male,121.205.212.84,PO Box 43113
138,Neal,Budleigh,nbudleigh3t@blogs.com,Male,43.160.108.229,Room 1190
139,Nollie,Fairey,nfairey3u@dropbox.com,Male,205.179.242.168,Room 1394
140,Lonni,Houston,lhouston3v@hp.com,Female,191.159.63.115,Suite 84
141,Steffen,Roose,sroose3w@usatoday.com,Bigender,178.201.87.8,PO Box 24114
142,Alejoa,Priddie,apriddie3x@4shared.com,Male,219.124.242.17,
143,Cull,Downs,cdowns3y@zimbio.com,Male,2.196.248.3,PO Box 90015
144,Gilligan,Livingstone,glivingstone3z@desdev.cn,Female,220.18.76.52,PO Box 22538
145,Sharleen,Aloigi,saloigi40@printfriendly.com,Female,170.79.107.224,PO Box 35355
146,Thibaud,Ivchenko,tivchenko41@w3.org,Male,46.78.242.226,PO Box 27149
147,Wilie,Sigg,wsigg42@tinypic.com,,198.164.37.249,
148,Bryn,Canter,bcanter43@nps.gov,Female,,Suite 64
149,Bartholemy,Leonard,bleonard44@angelfire.com,Male,255.23.223.9,
150,Gracie,Dugan,gdugan45@symantec.com,Female,192.123.245.157,Room 1280
151,Noellyn,Bantham,nbantham46@goodreads.com,Female,228.164.66.213,Apt 1395
152,Cyrille,Swafield,cswafield47@howstuffworks.com,Male,157.136.87.186,Apt 1579
153,Ruth,Crosio,rcrosio48@japanpost.jp,Female,146.117.95.211,Suite 67
154,Gibby,Jopke,gjopke49@squidoo.com,Male,90.174.219.47,Suite 43
155,Brinn,Fairhurst,bfairhurst4a@howstuffworks.com,Female,19.236.181.99,Suite 72
156,Sanderson,Smye,ssmye4b@cnn.com,Male,116.249.212.46,17th Floor
157,Caddric,Van der Kruis,cvanderkruis4c@hud.gov,Male,,8th Floor
158,Reinaldos,Kuzemka,rkuzemka4d@stumbleupon.com,Genderfluid,237.116.52.168,Room 1550
159,Ab,Bantham,abantham4e@hao123.com,Male,135.209.68.38,Suite 71
160,Pepi,Ovesen,povesen4f@booking.com,Female,223.190.234.111,PO Box 9066
161,Dolph,Ericssen,dericssen4g@unesco.org,Male,219.209.0.225,Apt 1878
162,Jeno,Filippucci,jfilippucci4h@liveinternet.ru,Male,222.25.5.67,Apt 1642
163,Rosie,Callingham,rcallingham4i@paypal.com,Female,7.27.51.172,Room 1548
164,Celestia,Lynch,clynch4j@imgur.com,Female,180.189.71.118,
165,Lucine,Pargetter,lpargetter4k@biblegateway.com,Female,,
166,Manfred,Piatto,mpiatto4l@google.co.uk,,49.204.73.6,
167,Adrienne,Duinbleton,aduinbleton4m@spiegel.de,Female,162.196.10.104,19th Floor
168,Coralyn,Morphet,cmorphet4n@chicagotribune.com,Non-binary,224.71.142.4,Apt 1848
169,Kylie,Omond,komond4o@upenn.edu,Female,99.12.33.253,13th Floor
170,Philipa,Thurber,pthurber4p@moonfruit.com,Female,8.127.48.125,
171,Ricky,Mortlock,rmortlock4q@ibm.com,Male,90.133.253.43,Suite 54
172,Bonny,Elecum,belecum4r@nature.com,Female,200.98.118.84,Apt 284
173,Darrel,Piddle,dpiddle4s@i2i.jp,Male,25.67.49.191,16th Floor
174,Charlena,Petrenko,cpetrenko4t@tiny.cc,Female,19.46.255.120,12th Floor
175,Isidor,Thorald,ithorald4u@latimes.com,Male,,Suite 56
176,Kasey,Benallack,kbenallack4v@admin.ch,Female,55.108.105.169,Room 134
177,Othella,Kayes,okayes4w@harvard.edu,Female,75.202.35.37,
178,Cchaddie,Shay,cshay4x@sohu.com,Male,188.7.196.78,Room 243
179,Jodie,Stanbro,jstanbro4y@photobucket.com,Genderfluid,244.198.49.91,Suite 99
180,Philomena,Treher,ptreher4z@ycombinator.com,Polygender,93.22.212.59,
181,Dareen,Camlin,dcamlin50@ocn.ne.jp,Female,255.85.230.245,Room 1123
182,Arvin,Archdeacon,aarchdeacon51@examiner.com,Male,8.115.201.90,PO Box 861
183,Ichabod,Avieson,iavieson52@hao123.com,Male,223.42.189.154,
184,Clerkclaude,Coupland,ccoupland53@thetimes.co.uk,,54.216.46.48,
185,Aarika,Lammers,alammers54@cdc.gov,Female,159.56.178.134,Room 492
186,Josepha,Lombardo,jlombardo55@photobucket.com,Female,,Room 279
187,Ilario,Habershaw,ihabershaw56@canalblog.com,Male,60.115.5.241,
188,Ulises,McClay,umcclay57@hubpages.com,Male,135.165.237.170,Room 1265
189,Brendin,Sineath,bsineath58@foxnews.com,Genderfluid,,
190,Larisa,Scruby,lscruby59@bbb.org,Female,85.136.140.111,Suite 60
191,Christi,Kennet,ckennet5a@bloglines.com,Female,3.30.226.46,
192,Jean,Goley,jgoley5b@tuttocitta.it,Male,246.235.119.240,
193,Maisey,McDuffy,mmcduffy5c@photobucket.com,Female,12.94.21.82,PO Box 21543
194,Van,Clarae,vclarae5d@networksolutions.com,Male,100.149.84.137,Room 923
195,Adele,Peyzer,apeyzer5e@java.com,Female,212.230.234.177,
196,Gorden,Flewin,gflewin5f@furl.net,Male,237.184.84.98,PO Box 30286
197,Biddy,Djorvic,bdjorvic5g@irs.gov,Female,81.252.107.10,Room 1370
198,Rubi,Douberday,rdouberday5h@twitter.com,Female,169.0.127.240,PO Box 90808
199,Berte,Saffin,bsaffin5i@dailymail.co.uk,Female,227.14.49.128,15th Floor
200,Henry,Armatage,harmatage5j@nih.gov,Male,68.34.42.1,
201,Gilbertine,Stollard,gstollard5k@ibm.com,Female,106.22.141.93,1st Floor
202,Jock,Moyles,jmoyles5l@mapquest.com,Male,143.136.29.171,Apt 600
203,Harland,Maylam,hmaylam5m@guardian.co.uk,Male,67.48.32.109,PO Box 74291
204,Krissie,Rose,krose5n@japanpost.jp,Female,210.57.101.139,
205,Levey,Shore,lshore5o@webs.com,Male,175.122.81.15,6th Floor
206,Lotte,Blindt,lblindt5p@edublogs.org,Female,3.34.246.92,
207,Twila,Shingfield,tshingfield5q@ning.com,Female,155.231.187.108,PO Box 21520
208,Silva,Edmonston,sedmonston5r@meetup.com,Female,,Suite 94
209,Siward,Jelphs,sjelphs5s@bandcamp.com,Male,118.7.210.45,
210,Sally,Geator,sgeator5t@rediff.com,,,13th Floor
211,Vinson,Mandrey,vmandrey5u@loc.gov,Male,116.79.239.101,Room 176
212,Holly,Wetheril,hwetheril5v@stumbleupon.com,Genderfluid,45.175.14.27,PO Box 44932
213,Cheston,Caughte,ccaughte5w@printfriendly.com,Male,243.249.122.80,9th Floor
214,Valli,Hallard,vhallard5x@blogger.com,Female,114.46.208.118,Apt 1935
215,Janice,Lidgely,jlidgely5y@chicagotribune.com,Female,203.148.96.157,Suite 63
216,Fern,Govenlock,fgovenlock5z@bloomberg.com,Female,252.11.103.15,Suite 32
217,Tamiko,Orrocks,torrocks60@php.net,Female,131.51.131.120,Suite 3
218,Pauli,O' Concannon,poconcannon61@whitehouse.gov,Female,98.195.13.82,4th Floor
219,Matthias,Rushe,mrushe62@simplemachines.org,Male,112.201.141.167,4th Floor
220,Shauna,Ziebart,sziebart63@yelp.com,Non-binary,35.8.252.144,
221,Carlota,Fayerbrother,cfayerbrother64@cam.ac.uk,Female,156.109.46.196,Room 1616
222,Therese,Fellowes,tfellowes65@economist.com,Female,218.24.230.29,Room 1350
223,Eyde,Algie,ealgie66@epa.gov,Female,154.205.11.100,
224,Shirley,O'Sharry,sosharry67@hexun.com,Female,127.127.189.17,Room 1947
225,Fee,Yeaman,fyeaman68@state.tx.us,Male,189.8.163.102,Suite 71
226,Renaldo,Bento,rbento69@alexa.com,Male,60.122.173.148,Apt 1715
227,Cordy,Cohrs,ccohrs6a@google.nl,Female,122.216.100.190,Room 1693
228,Harland,Pittel,hpittel6b@paypal.com,Male,126.214.205.255,Room 1768
229,Bernardine,Pendlebury,bpendlebury6c@sogou.com,Female,95.249.80.230,
230,Ernesta,Simeoli,esimeoli6d@bloomberg.com,,5.108.246.137,Suite 55
231,Tommie,Hartrick,thartrick6e@cdc.gov,Female,147.10.218.210,PO Box 31763
232,Celinka,Cosens,ccosens6f@t-online.de,Female,240.26.120.141,Apt 1149
233,Hansiain,Gonsalvez,hgonsalvez6g@nih.gov,Male,14.201.3.181,PO Box 44431
234,Chrissy,Yong,cyong6h@example.com,Male,227.130.122.150,Apt 930
235,Libbie,Praundl,lpraundl6i@histats.com,Female,115.198.83.250,
236,Gaspard,Whickman,gwhickman6j@dedecms.com,Male,161.228.69.105,
237,Gilli,Faughnan,gfaughnan6k@guardian.co.uk,Female,158.39.99.173,Apt 1272
238,Stewart,Borland,sborland6l@house.gov,Male,235.99.187.21,PO Box 93394
239,Barclay,Feldhuhn,bfeldhuhn6m@hubpages.com,,,PO Box 5613
240,Natka,Lille,nlille6n@discovery.com,Female,96.208.39.73,
241,Halsey,Marusic,hmarusic6o@indiegogo.com,Polygender,,Suite 90
242,Addy,Croy,acroy6p@barnesandnoble.com,Female,140.216.246.150,Apt 823
243,Reggis,Gittoes,rgittoes6q@com.com,Bigender,54.89.8.192,Suite 15
244,Jock,Bluschke,jbluschke6r@nsw.gov.au,Male,100.19.77.186,PO Box 95129
245,Eduino,Acland,eacland6s@reference.com,Male,231.137.200.106,13th Floor
246,Keen,Rebert,krebert6t@nature.com,Male,38.190.190.245,
247,Burke,McCallam,bmccallam6u@timesonline.co.uk,Male,105.36.77.149,Apt 81
248,Teodor,Bloggett,tbloggett6v@yellowbook.com,Genderqueer,,Room 1931
249,Lesley,Gillett,lgillett6w@cnet.com,Female,190.77.66.163,Apt 847
250,Dukie,Streetfield,dstreetfield6x@marketwatch.com,Male,172.8.119.119,
251,Annelise,Jennery,ajennery6y@istockphoto.com,Female,9.237.132.199,
252,Alana,Oxtarby,aoxtarby6z@godaddy.com,Polygender,200.220.179.224,6th Floor
253,Boigie,Ducaen,bducaen70@telegraph.co.uk,Male,38.125.12.166,
254,Zenia,Frowen,zfrowen71@jugem.jp,Female,32.129.59.201,PO Box 57070
255,Bucky,Berrill,bberrill72@deviantart.com,Male,210.142.17.185,
256,Wallace,Boanas,wboanas73@uol.com.br,Male,239.5.136.184,
257,Scottie,Lempel,slempel74@wp.com,Male,188.253.37.159,Suite 60
258,Mayer,Jurek,mjurek75@mail.ru,Male,137.95.73.12,
259,Tirrell,Shouler,tshouler76@quantcast.com,Male,107.129.184.6,
260,Aleda,Darco,adarco77@engadget.com,Female,192.173.91.211,Apt 1266
261,Godfree,Pearlman,gpearlman78@netscape.com,Male,90.131.160.57,
262,Umeko,Shower,ushower79@va.gov,Female,223.171.243.166,
263,Torre,Haskey,thaskey7a@nature.com,Male,224.3.245.87,Room 665
264,Hermina,Thies,hthies7b@rambler.ru,Female,214.247.156.210,Room 743
265,Hedwiga,La Padula,hlapadula7c@smh.com.au,Female,163.4.71.0,Apt 866
266,Tad,Flaverty,tflaverty7d@statcounter.com,Male,36.167.254.145,
267,Yurik,Kruse,ykruse7e@blogger.com,Male,142.104.107.166,4th Floor
268,Ceciley,Angrave,cangrave7f@networksolutions.com,Female,143.157.152.237,13th Floor
269,Elsy,Muscat,emuscat7g@youku.com,Female,110.233.17.213,Suite 99
270,Norbert,Ebsworth,nebsworth7h@behance.net,Non-binary,138.160.69.125,
271,Kakalina,Danielian,kdanielian7i@china.com.cn,Female,224.198.108.93,Apt 682
272,Xylina,Beazley,xbeazley7j@ning.com,Female,37.147.93.221,15th Floor
273,Mahmud,Mouland,mmouland7k@a8.net,Male,42.78.79.234,PO Box 98554
274,Hanna,Aupol,haupol7l@illinois.edu,Female,168.230.52.156,Apt 1840
275,Eamon,Stonuary,estonuary7m@ycombinator.com,Male,254.164.1.84,PO Box 62080
276,Noam,Vasiltsov,nvasiltsov7n@buzzfeed.com,Male,,Suite 12
277,Nerissa,Rother,nrother7o@tinypic.com,Female,185.252.172.228,Apt 1276
278,Lavinia,Kilvington,lkilvington7p@qq.com,Female,86.231.18.228,Room 756
279,Jamison,Verny,jverny7q@marriott.com,Male,63.73.2.143,PO Box 54458
280,Dolorita,Churchman,dchurchman7r@ft.com,Female,29.53.185.131,Suite 5
281,Hedvige,Maddicks,hmaddicks7s@goo.ne.jp,Female,66.30.107.33,Room 273
282,Kennedy,Snoding,ksnoding7t@buzzfeed.com,Male,170.241.49.24,Apt 793
283,Freddy,Gregersen,fgregersen7u@pcworld.com,Male,109.23.249.135,
284,Chelsae,Marthen,cmarthen7v@ebay.com,Female,163.121.243.171,Room 109
285,Stacia,Bilton,sbilton7w@paginegialle.it,Female,169.120.209.188,Room 1275
286,James,Hardey,jhardey7x@unicef.org,Non-binary,117.11.208.188,
287,Holmes,Sumbler,hsumbler7y@addtoany.com,Agender,229.3.24.168,Suite 94
288,Cathie,Lyvon,clyvon7z@bravesites.com,Female,30.147.79.84,Apt 522
289,Haydon,Novotni,hnovotni80@ihg.com,Male,143.96.65.193,Room 663
290,Marlene,Suffield,msuffield81@vkontakte.ru,Female,40.137.247.220,PO Box 71726
291,Sibeal,Waumsley,swaumsley82@i2i.jp,Female,162.134.154.248,Room 1165
292,Wakefield,Everit,weverit83@howstuffworks.com,Male,100.144.53.120,Suite 54
293,Kristofor,Clifton,kclifton84@histats.com,Male,162.127.77.73,20th Floor
294,Cassy,Jell,cjell85@mtv.com,Female,38.58.0.51,7th Floor
295,Mellisa,Simioli,msimioli86@edublogs.org,Agender,172.234.17.121,PO Box 55863
296,Dene,Harriman,dharriman87@mayoclinic.com,Male,62.228.179.194,12th Floor
297,Urban,Karolowski,ukarolowski88@apache.org,Agender,13.50.204.178,Room 11
298,Trix,Willbraham,twillbraham89@wufoo.com,Female,221.185.251.185,Suite 41
299,Markus,Ferraron,mferraron8a@google.com.br,Male,30.164.41.223,Room 750
300,Calhoun,Bramhall,cbramhall8b@amazon.co.jp,Agender,7.182.146.250,PO Box 65296
301,Ethyl,Tudor,etudor8c@altervista.org,Female,12.204.175.60,Apt 999
302,Mariska,Whawell,mwhawell8d@naver.com,Female,61.232.60.50,PO Box 92691
303,Alex,Red,ared8e@pbs.org,Male,149.116.44.247,Apt 562
304,Derrik,Allix,dallix8f@is.gd,Male,113.147.133.197,Room 467
305,Garrott,Brounfield,gbrounfield8g@reverbnation.com,Male,134.9.200.4,Room 1402
306,Renell,Aldcorn,raldcorn8h@cdc.gov,Female,197.12.203.231,Room 1963
307,Rici,Hammel,rhammel8i@quantcast.com,Female,66.20.206.7,Room 1394
308,Forrester,Truter,ftruter8j@alexa.com,Male,89.103.174.218,Apt 930
309,Arabela,Whewell,awhewell8k@pbs.org,Female,208.66.117.118,Apt 743
310,Hobie,Goodsal,hgoodsal8l@homestead.com,Male,25.240.23.35,Room 1793
311,Livy,Guinery,lguinery8m@arizona.edu,Female,75.133.92.250,PO Box 77525
312,Hakeem,Yong,hyong8n@dailymotion.com,Male,71.16.61.19,PO Box 5209
313,Binny,Clitherow,bclitherow8o@goo.ne.jp,Non-binary,47.104.176.213,
314,Nikoletta,Courtenay,ncourtenay8p@disqus.com,Female,146.180.22.91,
315,Gerrard,Pacquet,gpacquet8q@goo.gl,Male,137.232.227.230,Room 1436
316,Luciano,Danilovic,ldanilovic8r@amazon.co.uk,Male,19.84.0.233,6th Floor
317,Zorana,Pechet,zpechet8s@woothemes.com,Female,62.119.161.22,Suite 94
318,Sholom,Barense,sbarense8t@ftc.gov,Male,,PO Box 62459
319,Orsola,Lovart,olovart8u@artisteer.com,Female,24.85.0.244,5th Floor
320,Ximenez,Chowne,xchowne8v@mysql.com,Agender,70.149.41.86,PO Box 77196
321,Teodor,Ebdon,tebdon8w@salon.com,Male,110.46.33.33,Room 1465
322,Fulton,Eddolls,feddolls8x@kickstarter.com,Agender,213.123.176.161,Room 1320
323,Lorne,Bowness,lbowness8y@vinaora.com,Agender,219.144.218.146,13th Floor
324,Ernestine,Meyrick,emeyrick8z@bloomberg.com,Female,,Suite 2
325,Lowrance,Ciccerale,lciccerale90@cornell.edu,Male,238.51.189.173,PO Box 10731
326,Carolee,Battams,cbattams91@xrea.com,Female,143.119.77.243,
327,Jolynn,Moule,jmoule92@washingtonpost.com,Female,46.173.160.139,PO Box 31908
328,Sumner,Cullip,scullip93@constantcontact.com,Male,96.50.131.102,PO Box 63871
329,Jordana,Pariso,jpariso94@geocities.jp,Female,23.228.179.168,Apt 53
330,Matteo,Stegers,mstegers95@free.fr,Male,170.178.61.189,
331,Abraham,Cuddehay,acuddehay96@census.gov,Male,202.111.13.52,
332,Hyman,Bethel,hbethel97@pcworld.com,Male,158.253.105.145,Apt 881
333,Rosemarie,Mc Elory,rmcelory98@cbsnews.com,Polygender,242.197.216.108,
334,Ilyse,Gallienne,igallienne99@unesco.org,Female,14.208.213.249,Apt 765
335,Nariko,Lindman,nlindman9a@ucoz.com,Female,133.176.37.113,
336,Mohandas,Tebb,mtebb9b@nih.gov,Male,213.150.90.44,19th Floor
337,Tony,Dodson,tdodson9c@google.ru,,21.21.157.238,
338,Ellis,Muck,emuck9d@whitehouse.gov,,220.217.23.131,Room 595
339,Bonni,Stronack,bstronack9e@wsj.com,Female,145.6.30.14,Room 52
340,Jeri,Mathan,jmathan9f@barnesandnoble.com,Female,13.34.206.93,
341,Duncan,Dalbey,ddalbey9g@aol.com,,,Room 387
342,Johnnie,Bielfelt,jbielfelt9h@infoseek.co.jp,Male,37.48.123.142,
343,Krispin,Rattry,krattry9i@weebly.com,Male,243.11.214.246,
344,Abran,O Mullen,aomullen9j@google.co.uk,Male,214.19.150.215,Suite 18
345,Gloriane,Volet,gvolet9k@si.edu,Genderfluid,249.140.62.77,Suite 53
346,Sigvard,Legges,slegges9l@washington.edu,Male,45.55.89.161,Suite 42
347,Junette,Alliott,jalliott9m@mozilla.com,Female,4.169.206.173,
348,Nina,Witherop,nwitherop9n@artisteer.com,Female,39.197.71.189,Apt 1754
349,Cornell,Masdon,cmasdon9o@wikipedia.org,Male,23.187.194.103,Apt 1006
350,Corabelle,Jelliman,cjelliman9p@1688.com,Female,211.73.22.172,PO Box 27991
351,Rebeka,Grewcock,rgrewcock9q@businesswire.com,Female,157.122.226.64,Room 27
352,Glynis,Paten,gpaten9r@github.com,Female,46.150.165.245,15th Floor
353,Bartholemy,Hubbock,bhubbock9s@ca.gov,Male,,Apt 438
354,Axel,Shower,ashower9t@spiegel.de,Non-binary,57.179.227.31,Room 246
355,Janina,Walas,jwalas9u@tumblr.com,Female,8.55.6.163,PO Box 85960
356,Noll,Edgecombe,nedgecombe9v@tmall.com,Polygender,124.124.112.22,Suite 32
357,Ingelbert,Braunroth,ibraunroth9w@bizjournals.com,Male,182.174.74.227,Room 550
358,Eugenie,Atack,eatack9x@sphinn.com,Female,47.193.36.32,Apt 1614
359,Alissa,Shoebotham,ashoebotham9y@ebay.co.uk,Female,71.155.70.36,Apt 1729
360,Cortie,Sigward,csigward9z@istockphoto.com,Male,73.218.3.224,
361,Meyer,Cowans,mcowansa0@flickr.com,Male,8.251.224.31,2nd Floor
362,Worthy,Aldgate,waldgatea1@gmpg.org,Male,163.240.61.183,PO Box 97439
363,Frederic,Nehlsen,fnehlsena2@posterous.com,Male,113.240.22.144,4th Floor
364,Karlee,Crafter,kcraftera3@google.com,Female,241.121.202.215,Suite 44
365,Deeyn,Morphet,dmorpheta4@last.fm,Female,143.226.223.255,Room 361
366,Angelique,Baistow,abaistowa5@jugem.jp,,214.90.203.177,PO Box 91397
367,Dionis,Draysey,ddrayseya6@cloudflare.com,Female,112.165.130.211,11th Floor
368,Teodora,Warsop,twarsopa7@army.mil,Female,52.195.250.223,Apt 1712
369,Roderich,Belf,rbelfa8@slideshare.net,Male,158.76.78.97,Suite 10
370,Sam,Donaldson,sdonaldsona9@china.com.cn,Male,9.168.133.220,Room 794
371,Emmalynne,De Freitas,edefreitasaa@yale.edu,Female,207.62.61.240,PO Box 70304
372,Si,Steptowe,ssteptoweab@yandex.ru,Male,96.115.110.10,PO Box 23130
373,Jude,Foulis,jfoulisac@google.de,Male,117.158.127.162,Apt 1769
374,Delila,Christofor,dchristoforad@businesswire.com,Female,220.225.79.152,PO Box 96331
375,Chan,Fluck,cfluckae@com.com,Male,,Room 220
376,Meggy,Rotchell,mrotchellaf@loc.gov,Female,220.176.92.195,Suite 19
377,Melva,Iacovelli,miacovelliag@nytimes.com,Female,128.98.225.70,PO Box 38394
378,Gerty,Hearson,ghearsonah@scribd.com,Female,137.177.109.152,Room 228
379,Alyssa,Petracek,apetracekai@e-recht24.de,Bigender,49.123.203.79,Room 1749
380,Catherin,Domenichelli,cdomenichelliaj@pagesperso-orange.fr,Female,,Apt 736
381,Beatrice,Del Checolo,bdelchecoloak@webnode.com,Female,225.95.221.62,Apt 1143
382,Rosie,Meric,rmerical@cnn.com,Female,70.160.208.61,12th Floor
383,Moyna,Kerner,mkerneram@pbs.org,Genderfluid,250.152.149.42,Suite 30
384,Ariel,Perot,aperotan@t.co,Male,113.106.72.243,17th Floor
385,Elyssa,McPharlain,emcpharlainao@live.com,Female,86.61.131.84,PO Box 6359
386,Mellicent,Schiefersten,mschieferstenap@wisc.edu,,17.36.112.27,PO Box 73816
387,Ingrim,Kernermann,ikernermannaq@example.com,Agender,,Suite 11
388,Bruno,Cristoferi,bcristoferiar@amazon.co.uk,Male,221.93.23.151,Apt 718
389,Jolee,Tullett,jtullettas@deviantart.com,Female,26.25.175.167,Suite 74
390,Elvis,Renault,erenaultat@ehow.com,Male,126.101.23.51,Suite 58
391,Gabi,Monroe,gmonroeau@nyu.edu,Male,117.254.226.215,8th Floor
392,Filippo,Crampsy,fcrampsyav@ask.com,Male,170.37.150.81,6th Floor
393,Karim,Tolliday,ktollidayaw@instagram.com,,146.68.182.44,Suite 66
394,Neron,Vause,nvauseax@samsung.com,Male,82.115.116.233,Room 1806
395,Walden,Cockin,wcockinay@dagondesign.com,Male,4.193.128.94,
396,Mackenzie,Carlino,mcarlinoaz@hibu.com,Male,212.66.123.189,Room 1011
397,Dana,Denton,ddentonb0@infoseek.co.jp,,10.4.175.13,
398,Skipp,Spragge,sspraggeb1@hao123.com,Male,78.39.202.193,PO Box 60435
399,Hogan,Brighouse,hbrighouseb2@uiuc.edu,Male,0.157.198.157,9th Floor
400,Humberto,Pennoni,hpennonib3@csmonitor.com,,225.18.186.66,Suite 50
401,Jewell,Degue,jdegueb4@printfriendly.com,Female,241.0.93.212,5th Floor
402,Mikael,Posthill,mposthillb5@ted.com,Male,97.248.16.151,Suite 85
403,Judie,Grinikhin,jgrinikhinb6@princeton.edu,Female,92.216.78.251,14th Floor
404,Marion,Sibun,msibunb7@economist.com,,120.51.187.197,Room 1638
405,Gayla,Willoughey,gwillougheyb8@usda.gov,Female,109.143.122.158,PO Box 20304
406,Marcelo,Mudie,mmudieb9@canalblog.com,Male,21.29.252.91,PO Box 23740
407,Kendrick,Lorenzetto,klorenzettoba@cyberchimps.com,Male,133.57.106.213,
408,Wilmar,Stogill,wstogillbb@blog.com,Male,151.81.175.215,Apt 1980
409,Jackson,Renahan,jrenahanbc@unblog.fr,Male,204.57.216.73,Apt 53
410,Sella,Smelley,ssmelleybd@msn.com,Female,208.41.207.149,
411,Antin,Philippault,aphilippaultbe@alibaba.com,Male,167.127.241.134,
412,Reeba,Pesik,rpesikbf@ehow.com,Female,218.105.9.197,14th Floor
413,Tobe,Valentim,tvalentimbg@com.com,Polygender,197.127.34.57,2nd Floor
414,Horatia,Elph,helphbh@scribd.com,,188.233.233.35,12th Floor
415,Van,Blowfelde,vblowfeldebi@t-online.de,Female,,Apt 504
416,Roley,Foster,rfosterbj@sphinn.com,Male,146.238.118.29,PO Box 2807
417,Correy,Megany,cmeganybk@sciencedirect.com,Female,129.108.114.130,Room 652
418,Ryon,Webbe,rwebbebl@nps.gov,Male,147.67.91.26,Suite 10
419,Issi,Beaty,ibeatybm@stumbleupon.com,Female,133.223.66.43,PO Box 80431
420,Jan,Roll,jrollbn@nationalgeographic.com,Male,154.152.123.1,Apt 1
421,Gnni,Joncic,gjoncicbo@pagesperso-orange.fr,Female,216.188.137.60,Room 1925
422,Binnie,Gallichiccio,bgallichicciobp@shinystat.com,Female,87.213.102.217,Apt 1424
423,Celinka,Elphinstone,celphinstonebq@alexa.com,Female,189.239.241.87,
424,Davis,Madelin,dmadelinbr@dedecms.com,Genderfluid,204.187.138.244,Suite 26
425,Bastien,Duesbury,bduesburybs@sun.com,Male,44.180.184.240,20th Floor
426,Penelopa,Crocker,pcrockerbt@soundcloud.com,Non-binary,4.106.18.28,Apt 489
427,Janek,Allward,jallwardbu@t.co,Male,59.32.196.104,Room 258
428,Callie,Randlesome,crandlesomebv@prlog.org,Genderfluid,123.3.67.221,Apt 721
429,Ode,Stendell,ostendellbw@canalblog.com,Male,184.5.211.229,5th Floor
430,Kristien,Hegg,kheggbx@mail.ru,Female,28.100.35.183,
431,Gino,Georgeson,ggeorgesonby@bravesites.com,Male,238.180.247.138,Room 1740
432,Sargent,Shovell,sshovellbz@cbc.ca,Male,65.214.221.209,PO Box 25338
433,Issie,Feedham,ifeedhamc0@slideshare.net,Female,244.232.40.48,PO Box 73963
434,Zora,Oake,zoakec1@nbcnews.com,Female,5.90.96.160,Room 55
435,Melisandra,Critoph,mcritophc2@nymag.com,Female,98.71.86.67,
436,Dasie,Andriveaux,dandriveauxc3@goodreads.com,Female,191.7.242.97,Room 1379
437,Miguelita,Peniello,mpenielloc4@blog.com,Female,206.2.141.249,Apt 1676
438,Carl,McFetrich,cmcfetrichc5@biblegateway.com,Bigender,104.104.130.40,
439,Maurine,Ben-Aharon,mbenaharonc6@china.com.cn,Female,28.173.8.178,Room 1069
440,Enriqueta,Spurdle,espurdlec7@home.pl,Female,232.4.139.138,PO Box 43144
441,Drucie,Rosenfeld,drosenfeldc8@ucla.edu,Female,82.247.54.68,PO Box 34556
442,Jessalin,Pinyon,jpinyonc9@qq.com,Bigender,129.126.215.137,8th Floor
443,Sofia,Howler,showlerca@digg.com,Female,79.209.33.204,12th Floor
444,Gherardo,Fruchon,gfruchoncb@state.tx.us,Male,74.4.253.255,
445,Cristionna,Breeds,cbreedscc@drupal.org,Female,169.251.11.54,
446,Tadio,Greenacre,tgreenacrecd@fda.gov,Male,246.133.140.147,
447,Harmon,Smithies,hsmithiesce@washingtonpost.com,Male,249.75.236.238,Apt 1161
448,Rick,Titterton,rtittertoncf@jigsy.com,Male,83.166.168.219,
449,Don,Kilbane,dkilbanecg@nydailynews.com,Male,132.136.69.193,Room 1784
450,Jethro,Beddoe,jbeddoech@rambler.ru,Male,227.73.8.174,
451,Trudy,Guiraud,tguiraudci@oakley.com,Female,176.165.198.168,
452,Nealy,Saby,nsabycj@narod.ru,Male,128.88.237.23,6th Floor
453,Jessie,Gatman,jgatmanck@vk.com,Agender,66.225.129.75,Suite 77
454,Gwendolyn,Beadell,gbeadellcl@shareasale.com,Female,31.219.123.44,PO Box 42207
455,Jerrilyn,Benda,jbendacm@comsenz.com,,44.20.236.29,Room 824
456,Orran,Litterick,olitterickcn@tmall.com,Male,209.176.251.149,1st Floor
457,Osbourn,Vickors,ovickorsco@wp.com,Male,177.219.93.142,Apt 662
458,Jacinthe,MacGoun,jmacgouncp@e-recht24.de,Female,148.23.107.70,Room 591
459,Louisa,Preston,lprestoncq@bluehost.com,Female,230.11.120.102,Room 915
460,Kelcy,Isaksson,kisakssoncr@webeden.co.uk,Female,160.6.158.90,Suite 67
461,Melony,Hoyer,mhoyercs@qq.com,Female,252.90.105.167,PO Box 93967
462,Aila,Gasticke,agastickect@columbia.edu,Female,121.168.99.135,
463,Charin,Banks,cbankscu@howstuffworks.com,Female,38.171.188.70,13th Floor
464,Delano,Westell,dwestellcv@bloglovin.com,Male,148.239.34.247,Room 1598
465,Sven,Bendik,sbendikcw@psu.edu,Male,5.32.144.46,
466,Lorry,Littlepage,llittlepagecx@mozilla.org,Male,108.105.226.110,3rd Floor
467,Hyacinthia,Hardie,hhardiecy@cisco.com,Female,117.184.22.195,14th Floor
468,Arin,Fransewich,afransewichcz@ycombinator.com,Male,7.110.111.109,Room 1546
469,Jeramie,Lambotin,jlambotind0@yandex.ru,Male,66.91.104.80,Suite 70
470,Felita,Kindon,fkindond1@sun.com,Female,167.13.201.177,PO Box 26188
471,Selby,Beacom,sbeacomd2@comcast.net,Male,93.90.164.99,PO Box 35206
472,Uta,Astman,uastmand3@accuweather.com,Female,,Apt 113
473,Corine,Ege,ceged4@google.cn,Female,235.208.180.88,
474,Harcourt,Lark,hlarkd5@pagesperso-orange.fr,Male,240.202.171.227,PO Box 5854
475,Bertha,Avrahamian,bavrahamiand6@usatoday.com,Female,25.114.238.179,Suite 38
476,Birgit,Silversmidt,bsilversmidtd7@skype.com,Agender,63.75.139.48,PO Box 96099
477,Linnet,Ainslee,lainsleed8@woothemes.com,Genderfluid,56.200.83.200,Apt 641
478,Kelcy,Teodoro,kteodorod9@symantec.com,Female,12.243.104.8,Suite 66
479,Hildagarde,Trimmill,htrimmillda@sbwire.com,Female,77.113.168.189,PO Box 37381
480,Wittie,Skrines,wskrinesdb@techcrunch.com,Male,,Room 879
481,Jessee,Dumbleton,jdumbletondc@wordpress.org,,129.103.36.158,PO Box 40864
482,Joline,Sulter,jsulterdd@nasa.gov,Female,22.168.37.219,Room 1159
483,Wilbur,Haking,whakingde@indiegogo.com,Male,42.9.236.232,PO Box 94281
484,Dennis,Kippie,dkippiedf@amazonaws.com,Male,200.213.22.62,Apt 28
485,Tommie,Canty,tcantydg@dropbox.com,Male,26.166.227.225,PO Box 64688
486,Lorilyn,Sirmon,lsirmondh@sina.com.cn,Female,,17th Floor
487,Deni,Burkill,dburkilldi@patch.com,Female,155.118.234.123,Room 1844
488,Felita,McWhannel,fmcwhanneldj@intel.com,Female,54.192.28.205,PO Box 44788
489,Bella,D'Elia,bdeliadk@php.net,Female,208.221.239.185,Room 1670
490,Onida,Spalls,ospallsdl@unc.edu,Female,245.195.184.170,Room 805
491,Webster,Dorning,wdorningdm@msn.com,Male,167.138.184.205,Apt 1232
492,Orelle,Ruos,oruosdn@amazon.de,Female,9.209.172.250,PO Box 94031
493,Murdoch,Stanners,mstannersdo@mozilla.com,Male,83.138.109.110,PO Box 42215
494,Bent,Bailie,bbailiedp@usda.gov,Male,168.160.141.1,Suite 74
495,Analise,Habbema,ahabbemadq@list-manage.com,Female,113.168.148.87,PO Box 54713
496,Thaxter,Shipley,tshipleydr@sourceforge.net,Male,108.116.85.129,
497,Fairlie,Toon,ftoonds@behance.net,Male,61.152.206.59,Room 923
498,Farris,Sprigin,fsprigindt@cocolog-nifty.com,Male,240.162.241.35,PO Box 86223
499,Vonny,Buret,vburetdu@joomla.org,Female,190.221.6.61,Suite 33
500,Sylvan,Pischel,spischeldv@soundcloud.com,Male,152.119.45.210,Suite 78
501,Roana,Elward,relwarddw@nymag.com,Female,141.126.143.148,Apt 1564
502,Shelby,Attiwill,sattiwilldx@reddit.com,Male,11.206.35.77,PO Box 73653
503,Stanleigh,Nezey,snezeydy@nature.com,Male,10.94.5.169,Room 1726
504,Shawn,Barnet,sbarnetdz@clickbank.net,Male,119.127.104.83,Apt 1568
505,Darda,Mumm,dmumme0@elpais.com,Female,169.115.50.66,Room 1710
506,Jobi,Estevez,jesteveze1@wordpress.com,Female,65.144.46.197,Room 1954
507,Ephrayim,Corey,ecoreye2@kickstarter.com,,240.56.100.96,14th Floor
508,Corina,Wetherill,cwetherille3@thetimes.co.uk,Non-binary,145.86.245.8,
509,Avrit,Hasell,ahaselle4@tripadvisor.com,Female,,Suite 27
510,Eddy,Dallison,edallisone5@toplist.cz,Male,79.79.144.126,11th Floor
511,Wilhelmine,Schimon,wschimone6@stanford.edu,Female,236.213.154.28,Suite 90
512,Norean,Minot,nminote7@slashdot.org,Female,130.242.255.217,Apt 566
513,Tiertza,Kanwell,tkanwelle8@wordpress.org,Female,,Suite 53
514,Olimpia,Cuberley,ocuberleye9@indiatimes.com,Female,111.123.99.118,
515,Peirce,Sharpling,psharplingea@ocn.ne.jp,Male,94.64.145.34,Room 1797
516,Riki,Ciccarelli,rciccarellieb@ucoz.ru,Polygender,220.112.140.184,Apt 1569
517,Concettina,Pulham,cpulhamec@soundcloud.com,Female,52.72.141.15,Room 1715
518,Ozzy,Whitwell,owhitwelled@noaa.gov,Male,103.107.171.143,Room 1588
519,Arielle,Tullett,atullettee@tripod.com,Female,161.106.36.33,Room 249
520,Leon,Stirtle,lstirtleef@nifty.com,Male,227.8.186.216,
521,Aluin,Boness,abonesseg@irs.gov,Male,146.236.138.147,Room 1572
522,Eve,Bogges,eboggeseh@tuttocitta.it,Female,173.12.79.126,
523,Ebony,Gullen,egullenei@vimeo.com,,202.249.47.66,4th Floor
524,Chance,Beevors,cbeevorsej@amazon.co.uk,Genderfluid,251.86.61.141,Room 391
525,Allissa,De Gowe,adegoweek@edublogs.org,Polygender,84.161.40.105,
526,Livy,Philippard,lphilippardel@cnn.com,Female,,Apt 705
527,Eddie,O'Halligan,eohalliganem@homestead.com,Female,134.27.171.225,PO Box 79884
528,Edwin,Choffin,echoffinen@angelfire.com,Male,63.78.251.202,PO Box 48999
529,Allegra,Swanger,aswangereo@google.com,Female,208.74.188.153,
530,Leicester,Millington,lmillingtonep@psu.edu,Male,232.205.106.92,
531,Nicola,Bicheno,nbichenoeq@ucla.edu,Female,6.153.142.165,Room 1815
532,Celle,Garrat,cgarrater@dailymail.co.uk,Agender,64.126.1.69,
533,Arlene,Furminger,afurmingeres@sfgate.com,Female,,Suite 74
534,Konstanze,Joslyn,kjoslynet@psu.edu,Female,108.244.31.57,
535,Pembroke,Swabey,pswabeyeu@salon.com,Male,172.20.110.84,
536,Garik,Geal,ggealev@google.ru,Polygender,155.208.80.225,Apt 1814
537,Maudie,Harbert,mharbertew@tinyurl.com,Female,89.130.158.33,
538,Abbott,Harbinson,aharbinsonex@multiply.com,Male,,18th Floor
539,Ingram,Bradley,ibradleyey@mashable.com,Male,132.50.219.17,Apt 491
540,Zitella,Imason,zimasonez@adobe.com,Female,74.199.37.103,Room 141
541,Rockwell,Messiter,rmessiterf0@acquirethisname.com,Male,18.244.28.70,Apt 1826
542,Jill,Folk,jfolkf1@jugem.jp,Agender,113.14.47.97,
543,Viviyan,Zolini,vzolinif2@goo.ne.jp,Female,177.204.254.7,4th Floor
544,Fred,Stoute,fstoutef3@ebay.co.uk,Female,20.85.52.101,PO Box 29485
545,Galven,Santorini,gsantorinif4@studiopress.com,Male,59.25.83.235,1st Floor
546,Benedicto,Wiszniewski,bwiszniewskif5@hostgator.com,Male,31.25.150.132,PO Box 19024
547,Rubin,Crate,rcratef6@cnet.com,Male,94.155.116.192,PO Box 37099
548,Koenraad,Poppleton,kpoppletonf7@latimes.com,Genderqueer,216.164.73.15,
549,Wandie,Whacket,wwhacketf8@jiathis.com,Female,7.47.55.227,Room 605
550,Lula,Sawforde,lsawfordef9@twitter.com,Female,110.68.114.233,Room 191
551,Kincaid,Merton,kmertonfa@fastcompany.com,Male,176.95.76.231,PO Box 65033
552,Miller,Bahia,mbahiafb@jigsy.com,Genderqueer,223.27.224.190,Suite 94
553,Karlen,Boud,kboudfc@home.pl,Female,11.144.117.201,13th Floor
554,Codie,Choffin,cchoffinfd@deviantart.com,Male,155.56.181.71,PO Box 52404
555,Iolande,Dudderidge,idudderidgefe@pagesperso-orange.fr,Polygender,96.215.233.99,
556,Reggie,Peddel,rpeddelff@joomla.org,Female,103.74.192.7,2nd Floor
557,Ashbey,Keller,akellerfg@google.cn,Male,167.151.168.152,Apt 1359
558,Garrard,Pincked,gpinckedfh@deliciousdays.com,Male,187.183.40.249,12th Floor
559,Cyrille,Bladge,cbladgefi@elpais.com,Male,16.90.118.46,Room 926
560,Mikaela,Mcwhinnie,mmcwhinniefj@seesaa.net,Female,61.6.54.232,PO Box 25952
561,Nina,Exer,nexerfk@cbc.ca,Female,,Suite 64
562,Jaimie,Seear,jseearfl@123-reg.co.uk,Female,72.83.98.51,
563,Derick,Dole,ddolefm@yelp.com,Male,58.88.195.161,Room 1630
564,Vere,O'Cahey,vocaheyfn@bravesites.com,Female,101.88.176.227,14th Floor
565,Glen,Canepe,gcanepefo@intel.com,Female,120.5.88.85,
566,Ivory,De Benedetti,idebenedettifp@aboutads.info,Female,205.60.95.203,2nd Floor
567,Terrell,Dannell,tdannellfq@tiny.cc,Male,87.102.171.63,2nd Floor
568,Janos,Brownlea,jbrownleafr@artisteer.com,Polygender,42.222.96.69,18th Floor
569,Wilden,Sline,wslinefs@imgur.com,Male,22.123.163.56,15th Floor
570,Weber,Philbin,wphilbinft@cornell.edu,Male,162.59.38.45,PO Box 6997
571,Fitz,Sallery,fsalleryfu@google.com.br,Male,175.251.98.139,Suite 92
572,Ellynn,Pawlaczyk,epawlaczykfv@nbcnews.com,Female,70.199.154.132,Suite 59
573,Pammi,Iiannoni,piiannonifw@npr.org,Female,114.194.249.162,17th Floor
574,Iggy,Skarr,iskarrfx@indiatimes.com,Male,55.183.90.11,
575,Francois,O' Driscoll,fodriscollfy@utexas.edu,Male,70.105.95.186,Room 72
576,Marje,Dimitrie,mdimitriefz@nsw.gov.au,Female,184.72.188.200,
577,Philly,Novello,pnovellog0@blog.com,Female,,Room 414
578,Gearalt,Whytock,gwhytockg1@google.com.au,Male,118.233.181.105,PO Box 36104
579,Winnie,Heskey,wheskeyg2@twitter.com,Female,63.50.112.42,Apt 1769
580,Holly-anne,Enterlein,henterleing3@google.cn,Female,,
581,Kilian,Northen,knortheng4@rambler.ru,Male,2.161.2.152,11th Floor
582,Jedidiah,Samms,jsammsg5@google.pl,Male,195.218.19.64,PO Box 42851
583,Arther,Bruinsma,abruinsmag6@usgs.gov,Male,125.90.241.165,PO Box 58612
584,Georgiana,Dorken,gdorkeng7@who.int,Female,144.209.36.195,Suite 92
585,Jamaal,Liverseege,jliverseegeg8@nasa.gov,Male,,Apt 1572
586,Jacky,Ollivier,jollivierg9@altervista.org,Genderqueer,72.39.24.135,Room 391
587,John,Romao,jromaoga@devhub.com,Male,48.121.137.155,Room 1792
588,Shaine,Chapelle,schapellegb@php.net,Female,87.145.219.160,
589,Kilian,Rzehor,krzehorgc@ft.com,Male,18.223.77.114,
590,Jamey,Polotti,jpolottigd@skyrock.com,Male,179.122.253.149,Room 1578
591,Lorianne,Gibling,lgiblingge@cornell.edu,Female,43.68.222.158,Apt 902
592,Shem,Fery,sferygf@disqus.com,Male,169.72.209.198,
593,Jenine,Lotze,jlotzegg@utexas.edu,Bigender,6.120.36.59,PO Box 68212
594,Pip,Hebron,phebrongh@wikimedia.org,Male,131.40.239.238,Room 1281
595,Viva,Ropert,vropertgi@sitemeter.com,Female,84.204.97.83,Apt 250
596,Jacklyn,Stallion,jstalliongj@zdnet.com,Female,232.153.79.255,Apt 1341
597,Jaime,Norcross,jnorcrossgk@hao123.com,,35.115.96.69,10th Floor
598,Ninetta,Windram,nwindramgl@tiny.cc,Female,,Suite 43
599,Nadia,Allchin,nallchingm@reuters.com,Female,96.99.39.215,
600,Althea,Bowhey,abowheygn@histats.com,Female,45.37.23.209,Suite 49
601,Cyrille,Antal,cantalgo@themeforest.net,Male,173.177.34.163,Room 1613
602,Jeffrey,Bolles,jbollesgp@cnbc.com,Male,221.110.148.5,
603,Luella,Weippert,lweippertgq@independent.co.uk,Female,151.232.128.254,Suite 64
604,Abdel,McMeyler,amcmeylergr@naver.com,Male,153.215.31.53,Suite 79
605,Saxon,Lougheid,slougheidgs@taobao.com,,140.100.236.132,Suite 90
606,Georgetta,Gregoriou,ggregoriougt@cmu.edu,Female,62.255.27.228,Room 574
607,Hercule,Barrus,hbarrusgu@buzzfeed.com,Agender,38.97.248.154,Apt 596
608,Darcie,Beyne,dbeynegv@sciencedaily.com,Female,167.198.33.125,
609,Randee,Verdie,rverdiegw@ning.com,Female,70.164.253.95,
610,Abram,Abramino,aabraminogx@boston.com,Bigender,230.56.90.253,2nd Floor
611,Lillis,Bridgland,lbridglandgy@phoca.cz,Female,175.201.7.89,
612,Garrik,Pridding,gpriddinggz@umich.edu,Male,231.30.169.216,
613,Cori,Checchetelli,cchecchetellih0@marketwatch.com,Genderfluid,18.16.104.63,PO Box 94881
614,Liva,Senn,lsennh1@mtv.com,Female,159.88.80.150,19th Floor
615,Marney,Robken,mrobkenh2@yale.edu,Female,201.26.73.206,
616,Milicent,Drayn,mdraynh3@gizmodo.com,Female,161.155.143.71,PO Box 12313
617,Emmy,Beadnall,ebeadnallh4@e-recht24.de,Female,173.110.41.6,Apt 615
618,Cathleen,de'-Ancy Willis,cdeancywillish5@163.com,Female,68.52.127.57,Apt 1226
619,Montague,Blackstone,mblackstoneh6@vk.com,Male,142.38.211.82,Apt 413
620,Francoise,Sprull,fsprullh7@smh.com.au,Female,53.128.218.58,
621,Alysa,Sommerled,asommerledh8@zdnet.com,Female,75.82.254.93,Suite 75
622,Hadrian,Shotboult,hshotboulth9@cloudflare.com,,,Room 722
623,My,Neilan,mneilanha@zimbio.com,Male,206.117.184.207,Apt 1748
624,Aridatha,Cochran,acochranhb@un.org,Female,145.115.146.172,Room 1912
625,Debee,Pocock,dpocockhc@webmd.com,Female,146.128.89.34,13th Floor
626,Randell,Fergusson,rfergussonhd@imageshack.us,Male,242.12.155.194,11th Floor
627,Marchelle,Bisson,mbissonhe@nsw.gov.au,Female,,PO Box 3508
628,Ruthi,McFadzean,rmcfadzeanhf@flickr.com,Agender,170.7.41.55,Apt 494
629,Lidia,Ambrosetti,lambrosettihg@google.com,Female,152.186.120.56,Suite 18
630,Kahlil,Tompkin,ktompkinhh@qq.com,Male,193.179.189.255,PO Box 68177
631,Budd,Dowle,bdowlehi@nbcnews.com,Male,105.2.120.121,Apt 572
632,Papageno,Adhams,padhamshj@parallels.com,Male,209.139.32.83,7th Floor
633,Tito,MacInherney,tmacinherneyhk@google.fr,Male,213.48.12.145,Suite 88
634,Earl,Polycote,epolycotehl@fda.gov,Male,125.212.52.155,
635,Abramo,Calbreath,acalbreathhm@prlog.org,Male,110.114.16.23,Room 699
636,Cesar,Athowe,cathowehn@slideshare.net,Bigender,192.120.213.193,Suite 31
637,Erminia,Bussey,ebusseyho@imgur.com,Female,124.63.17.238,
638,Vilma,Lancetter,vlancetterhp@dell.com,Female,84.211.175.139,PO Box 37161
639,Xaviera,Bullion,xbullionhq@cyberchimps.com,,186.128.140.42,Apt 1749
640,Mirabella,Cosans,mcosanshr@twitter.com,Female,254.85.214.239,16th Floor
641,Baily,Casey,bcaseyhs@europa.eu,Male,137.164.185.226,PO Box 9873
642,Basilius,Jaume,bjaumeht@histats.com,Male,205.203.141.215,Room 1259
643,Kelly,Mougenel,kmougenelhu@unc.edu,Female,46.154.66.14,Apt 1866
644,Igor,Castangia,icastangiahv@imgur.com,Male,115.77.140.173,13th Floor
645,Valentijn,Rummings,vrummingshw@sphinn.com,Male,75.54.99.156,
646,Susannah,Benge,sbengehx@nyu.edu,Female,239.240.91.177,3rd Floor
647,Guinna,Vane,gvanehy@vinaora.com,Female,63.47.166.234,5th Floor
648,Perceval,Fritchly,pfritchlyhz@liveinternet.ru,Male,113.84.64.183,Apt 1208
649,Krissy,Duthie,kduthiei0@bandcamp.com,Female,,Room 1818
650,Munmro,Halgarth,mhalgarthi1@reverbnation.com,Male,156.236.37.37,15th Floor
651,Tyrus,Moakson,tmoaksoni2@go.com,Male,65.249.62.3,Suite 25
652,Aldus,Ploughwright,aploughwrighti3@geocities.com,Male,95.95.62.210,10th Floor
653,Josselyn,Broadbridge,jbroadbridgei4@foxnews.com,Female,135.213.158.47,Apt 545
654,Lorinda,Hurle,lhurlei5@woothemes.com,Female,96.19.63.65,Suite 14
655,Saunderson,Storrs,sstorrsi6@google.co.jp,Male,93.57.152.62,
656,Lowell,Sweeney,lsweeneyi7@cargocollective.com,Male,109.2.179.144,
657,Rhetta,Thirwell,rthirwelli8@wiley.com,Female,,
658,Gerald,Ghiron,gghironi9@biblegateway.com,Male,179.203.165.107,
659,Obadias,Cunney,ocunneyia@tiny.cc,Male,85.20.178.28,Suite 50
660,Ingar,Figin,ifiginib@theguardian.com,Male,127.196.218.197,Apt 126
661,Freddy,Pagitt,fpagittic@bing.com,Male,178.107.208.74,
662,Corbin,Lamas,clamasid@npr.org,Genderfluid,,Room 592
663,Arlene,Tomkiss,atomkissie@t-online.de,Female,107.73.141.65,9th Floor
664,Brandon,Kemp,bkempif@arstechnica.com,Male,154.195.102.158,
665,Kirbee,Penni,kpenniig@opera.com,,235.74.112.28,1st Floor
666,Aprilette,Pryce,apryceih@sphinn.com,Female,110.139.93.9,
667,Torey,Sircombe,tsircombeii@stanford.edu,Male,171.66.12.227,PO Box 49433
668,Cherilyn,Shatliffe,cshatliffeij@msu.edu,Female,65.204.142.138,Apt 504
669,D'arcy,Cupitt,dcupittik@canalblog.com,Male,,Suite 18
670,Ashlen,Floyed,afloyedil@arizona.edu,Female,16.54.127.138,
671,Artur,Yeowell,ayeowellim@arizona.edu,Male,149.201.4.17,Suite 45
672,Tobe,Coche,tcochein@people.com.cn,Female,204.166.70.113,
673,Theresina,Premble,tprembleio@shinystat.com,Female,,Suite 21
674,Rochella,Gotfrey,rgotfreyip@ameblo.jp,Female,243.29.254.99,
675,Rosalinde,Fragino,rfraginoiq@pagesperso-orange.fr,Female,152.195.72.148,
676,Everard,Beecroft,ebeecroftir@guardian.co.uk,Male,39.180.18.27,14th Floor
677,Cynthea,Dabling,cdablingis@youtube.com,Female,43.36.15.147,
678,Anthony,Yankeev,ayankeevit@mayoclinic.com,Male,42.11.124.128,Suite 16
679,Shannon,Gateland,sgatelandiu@bbc.co.uk,Male,33.5.137.249,Apt 1508
680,Dayna,Cristofolini,dcristofoliniiv@people.com.cn,Female,110.202.19.194,
681,Sebastian,Pistol,spistoliw@hc360.com,Male,182.243.152.213,PO Box 44017
682,Bradney,Swinnerton,bswinnertonix@booking.com,Male,71.141.209.171,Suite 19
683,Dacy,Chiddy,dchiddyiy@java.com,Female,184.153.33.237,Apt 1795
684,Mitchael,Balaisot,mbalaisotiz@1688.com,Male,95.165.84.216,PO Box 6864
685,Ruthann,Pendall,rpendallj0@vinaora.com,Female,,
686,Berthe,Jakubowicz,bjakubowiczj1@biglobe.ne.jp,Female,113.44.206.238,
687,Weston,Bettaney,wbettaneyj2@elpais.com,Bigender,251.206.71.178,
688,Bianka,Astill,bastillj3@opera.com,Female,217.230.137.100,PO Box 60579
689,Ianthe,Pullinger,ipullingerj4@seesaa.net,Female,235.151.136.169,Apt 644
690,Clayborne,Dymoke,cdymokej5@tripod.com,Male,213.243.207.34,Suite 79
691,Valencia,Perin,vperinj6@marriott.com,Bigender,194.15.160.199,Apt 849
692,Biddy,Curcher,bcurcherj7@sakura.ne.jp,Female,164.45.222.119,
693,Arman,Marples,amarplesj8@lulu.com,Male,221.53.241.230,Apt 1435
694,Benita,Rammell,brammellj9@freewebs.com,Female,47.111.222.12,Suite 18
695,Peggie,Perell,pperellja@newyorker.com,Female,174.118.89.81,Apt 1075
696,Nestor,Schimoni,nschimonijb@google.it,Genderqueer,63.43.147.43,PO Box 22654
697,Gerrie,Antoney,gantoneyjc@state.gov,Male,216.179.39.253,Apt 225
698,Gladi,Tegler,gteglerjd@drupal.org,Female,90.135.80.134,PO Box 81425
699,Olenolin,Corneille,ocorneilleje@dot.gov,Male,123.122.128.93,
700,Zedekiah,Waddoups,zwaddoupsjf@blogspot.com,Male,4.64.245.217,
701,Cyrille,Scryne,cscrynejg@51.la,Male,228.214.244.175,Suite 6
702,Jeane,Cadlock,jcadlockjh@shutterfly.com,Female,188.132.237.228,20th Floor
703,Liv,Elvins,lelvinsji@cpanel.net,Female,137.162.202.255,
704,Carlina,Greenlees,cgreenleesjj@ca.gov,Female,202.75.82.153,Apt 1798
705,Stanwood,Jezzard,sjezzardjk@ibm.com,,23.177.113.142,10th Floor
706,Roch,Perazzo,rperazzojl@blogspot.com,Female,183.143.13.196,
707,Sheena,Ruvel,sruveljm@google.fr,Female,65.206.74.61,7th Floor
708,Giff,Pavett,gpavettjn@histats.com,Male,242.62.166.78,5th Floor
709,Cindelyn,D'Ruel,cdrueljo@seattletimes.com,Female,184.87.122.65,Suite 39
710,Floria,Bickell,fbickelljp@symantec.com,Non-binary,83.103.19.7,Room 55
711,Loutitia,Larose,llarosejq@weebly.com,Bigender,217.129.191.206,4th Floor
712,Yank,Slade,ysladejr@ustream.tv,Male,34.35.93.46,PO Box 65729
713,Wrennie,Hedney,whedneyjs@baidu.com,Female,48.187.84.87,Room 1202
714,Korie,Kopmann,kkopmannjt@flavors.me,Genderqueer,134.37.223.105,Room 1166
715,Opaline,Bromell,obromellju@so-net.ne.jp,Female,236.207.42.35,Apt 1099
716,Barthel,Ayree,bayreejv@ifeng.com,Male,76.11.254.221,12th Floor
717,Dottie,Mottershaw,dmottershawjw@sitemeter.com,Female,216.66.201.30,
718,Jessamine,Gray,jgrayjx@va.gov,Female,111.86.84.171,PO Box 96151
719,Margy,Antushev,mantushevjy@slashdot.org,Female,69.221.132.23,
720,Kaitlyn,Elson,kelsonjz@blogs.com,Female,249.223.218.249,16th Floor
721,Gerek,Coltart,gcoltartk0@blinklist.com,,197.249.109.97,Apt 1246
722,Wilton,Simeonov,wsimeonovk1@studiopress.com,Male,202.77.103.204,PO Box 67789
723,Anita,Skett,askettk2@opera.com,Female,40.213.39.196,6th Floor
724,Jonah,Devonshire,jdevonshirek3@gizmodo.com,Male,144.121.62.8,8th Floor
725,Vittorio,Florio,vfloriok4@about.com,Male,114.53.9.255,Apt 965
726,Allys,Taffley,ataffleyk5@amazonaws.com,Female,186.167.50.57,Apt 24
727,Reinhold,Clemonts,rclemontsk6@sciencedaily.com,Agender,120.18.153.74,PO Box 62302
728,Arnoldo,Celiz,acelizk7@lycos.com,Male,112.130.132.119,Room 807
729,Carry,Genever,cgeneverk8@alexa.com,Female,103.117.51.205,Room 1553
730,Ianthe,Zeplin,izeplink9@webnode.com,Female,100.20.124.108,12th Floor
731,Merla,Rippingall,mrippingallka@vimeo.com,Non-binary,152.65.62.33,PO Box 3085
732,Sylas,McGeachie,smcgeachiekb@nasa.gov,Bigender,15.72.107.196,Suite 42
733,Ermina,Balazin,ebalazinkc@bluehost.com,Female,107.160.3.28,Suite 16
734,Myrilla,Benning,mbenningkd@youku.com,Female,204.136.212.105,Suite 25
735,Aguste,Lamplugh,alamplughke@paypal.com,Male,40.43.158.44,Suite 94
736,Dunn,Tweedie,dtweediekf@google.ru,Male,170.70.79.223,Suite 60
737,Tiebout,Gorring,tgorringkg@freewebs.com,Male,213.172.160.88,
738,Karlens,Hamments,khammentskh@icq.com,Male,186.216.43.103,
739,Kirby,Bewsey,kbewseyki@guardian.co.uk,Female,113.71.24.242,
740,Gavra,Teligin,gteliginkj@toplist.cz,Female,171.49.171.207,5th Floor
741,Giustina,Bolter,gbolterkk@pen.io,Female,233.10.121.95,
742,Worthington,De Benedictis,wdebenedictiskl@mysql.com,Male,98.48.166.173,11th Floor
743,Babette,Alliberton,ballibertonkm@theglobeandmail.com,Female,221.175.98.231,Room 1168
744,Rheta,Gapp,rgappkn@youku.com,Female,210.154.252.47,11th Floor
745,Jenda,Petley,jpetleyko@is.gd,Female,139.204.21.192,Apt 1855
746,Otho,Bawdon,obawdonkp@slideshare.net,Male,204.72.253.246,6th Floor
747,Corrina,Philliskirk,cphilliskirkkq@sciencedirect.com,Female,75.104.131.165,Suite 87
748,Dyanna,Mablestone,dmablestonekr@booking.com,,210.190.40.178,Apt 396
749,Ban,Potteridge,bpotteridgeks@paypal.com,Male,175.55.46.157,
750,Andrej,Lysaght,alysaghtkt@plala.or.jp,Male,129.22.81.136,Apt 1661
751,Lora,Rape,lrapeku@pinterest.com,Female,178.111.213.113,PO Box 76068
752,Stirling,Vint,svintkv@sogou.com,Male,109.150.173.50,Room 826
753,Brinna,Lightowler,blightowlerkw@latimes.com,,192.108.200.213,20th Floor
754,Vernon,Nockells,vnockellskx@prweb.com,Male,107.131.229.152,Suite 9
755,Angie,McGhee,amcgheeky@blogs.com,Female,251.115.91.216,Room 1982
756,Yurik,Durtnel,ydurtnelkz@shareasale.com,Male,168.71.84.21,13th Floor
757,Maddi,De Maria,mdemarial0@yandex.ru,Female,141.197.82.149,Room 1401
758,Teddy,Bengle,tbenglel1@goo.gl,Male,29.53.229.146,Suite 82
759,Milly,Chsteney,mchsteneyl2@cnn.com,Female,245.39.110.123,
760,Milty,Craigg,mcraiggl3@indiatimes.com,Male,33.133.154.136,PO Box 55154
761,Case,Kalb,ckalbl4@list-manage.com,Male,,3rd Floor
762,Dorey,Scruton,dscrutonl5@newsvine.com,Male,210.115.66.154,Apt 1394
763,Quincy,Derobert,qderobertl6@wix.com,Male,252.111.232.39,Apt 1262
764,Chen,Bucklee,cbuckleel7@deliciousdays.com,Male,231.135.108.147,Apt 495
765,Modesta,Vail,mvaill8@nymag.com,Female,74.116.249.202,
766,Benedicto,Domsalla,bdomsallal9@zdnet.com,Male,170.118.18.237,Apt 463
767,Willow,Gjerde,wgjerdela@sbwire.com,Female,21.16.154.211,Room 1547
768,Kandace,MacInherney,kmacinherneylb@wiley.com,Female,99.29.227.23,12th Floor
769,Drew,Reisen,dreisenlc@histats.com,,184.154.154.178,Room 620
770,Sandie,Autrie,sautrield@house.gov,Female,232.54.78.62,2nd Floor
771,Rosabel,Antoniou,rantonioule@wsj.com,Female,15.113.200.45,Apt 1420
772,Massimo,Broadstock,mbroadstocklf@yolasite.com,Male,249.84.193.197,
773,Jere,Pettingill,jpettingilllg@hostgator.com,Female,33.192.117.18,
774,Mella,Breens,mbreenslh@nymag.com,Female,105.193.241.200,Room 907
775,Denys,O'Spillane,dospillaneli@purevolume.com,Female,158.40.254.156,19th Floor
776,Ginni,Oxbrough,goxbroughlj@barnesandnoble.com,Female,95.223.180.156,Suite 19
777,Dillie,Jerrand,djerrandlk@chron.com,Male,38.36.190.211,Apt 1660
778,Silvana,August,saugustll@biglobe.ne.jp,Female,43.56.132.45,Suite 96
779,Duffie,Scoggin,dscogginlm@boston.com,Male,,Room 173
780,Marlie,Avramchik,mavramchikln@squidoo.com,Female,77.171.201.223,
781,Alexandre,Harrowell,aharrowelllo@infoseek.co.jp,Non-binary,105.155.211.207,PO Box 92451
782,Dulce,Gehrtz,dgehrtzlp@java.com,Female,252.92.6.195,Apt 1955
783,Waylon,Belbin,wbelbinlq@cafepress.com,Polygender,120.246.108.155,
784,Marthe,Brydie,mbrydielr@yahoo.com,Bigender,,
785,Julissa,Fullalove,jfullalovels@princeton.edu,Female,103.26.23.62,
786,Stefano,Cumbridge,scumbridgelt@chron.com,Male,95.212.72.72,
787,Cory,McRonald,cmcronaldlu@squidoo.com,Female,255.247.123.68,
788,Lorin,Sappell,lsappelllv@google.cn,Male,19.50.182.245,PO Box 51999
789,Aurore,Gwyther,agwytherlw@biblegateway.com,Female,149.149.147.222,PO Box 33320
790,Zeke,Conybear,zconybearlx@mlb.com,Bigender,159.110.241.4,Suite 75
791,Consolata,Fletcher,cfletcherly@cnn.com,Female,250.72.48.248,
792,Randy,Dymocke,rdymockelz@wp.com,Non-binary,,Suite 6
793,Sheeree,Klimuk,sklimukm0@soup.io,Female,247.65.77.105,Suite 47
794,Merissa,MacAndreis,mmacandreism1@scientificamerican.com,Female,28.62.38.146,20th Floor
795,Tobie,Pretorius,tpretoriusm2@newyorker.com,Non-binary,67.123.9.44,
796,Douglass,Overill,doverillm3@mozilla.com,Male,254.83.51.3,PO Box 76953
797,Darius,Carrane,dcarranem4@huffingtonpost.com,Male,27.234.4.108,PO Box 55557
798,Rebecca,Cordie,rcordiem5@gnu.org,Female,57.184.5.120,Room 677
799,Mella,Bilsland,mbilslandm6@godaddy.com,Female,56.58.166.51,
800,Erma,Braga,ebragam7@nhs.uk,Genderfluid,,Apt 1020
801,Land,Meneyer,lmeneyerm8@webs.com,Polygender,65.147.196.148,4th Floor
802,Riobard,Sarvar,rsarvarm9@so-net.ne.jp,Male,120.67.226.99,20th Floor
803,Cullin,Collman,ccollmanma@archive.org,Male,155.115.194.192,Room 293
804,Ricky,Thame,rthamemb@ask.com,Female,188.165.238.104,Apt 1284
805,Holmes,Vibert,hvibertmc@bigcartel.com,Non-binary,186.160.253.129,
806,Catha,Listone,clistonemd@admin.ch,Female,10.31.175.81,
807,Fransisco,Greenalf,fgreenalfme@huffingtonpost.com,Male,87.42.143.127,Apt 1296
808,Yvor,Fordyce,yfordycemf@google.it,Male,207.166.131.66,Apt 1542
809,Quinta,Brach,qbrachmg@ftc.gov,Female,208.2.172.86,
810,Frances,Stendall,fstendallmh@independent.co.uk,Female,142.88.228.81,Apt 551
811,Owen,Olyunin,oolyuninmi@google.it,Male,206.134.190.17,Apt 1654
812,Rudiger,Hicks,rhicksmj@spotify.com,Male,192.252.170.88,Apt 676
813,Fleur,Thynn,fthynnmk@blogs.com,Female,198.3.224.124,Apt 1662
814,Filide,McKendo,fmckendoml@newsvine.com,Female,161.233.241.139,PO Box 87462
815,Nickola,Wythill,nwythillmm@alexa.com,Male,115.17.53.30,Apt 829
816,Algernon,Abbs,aabbsmn@alexa.com,Male,16.164.5.114,Suite 47
817,Abbye,Secrett,asecrettmo@ifeng.com,Female,82.103.153.251,
818,Rasia,Fone,rfonemp@privacy.gov.au,Female,221.28.212.202,Apt 1319
819,Carol-jean,Roswarn,croswarnmq@eventbrite.com,Female,67.171.14.103,
820,Elka,Allden,ealldenmr@statcounter.com,Non-binary,35.240.136.101,PO Box 48396
821,Lurette,Mundford,lmundfordms@reverbnation.com,Female,111.0.108.105,18th Floor
822,Vevay,Brum,vbrummt@webeden.co.uk,Female,35.13.4.227,Suite 94
823,Giuditta,Guidera,gguideramu@baidu.com,Female,248.15.110.247,8th Floor
824,Tyler,Inker,tinkermv@cornell.edu,Male,9.240.174.149,Suite 13
825,Whitaker,Jellybrand,wjellybrandmw@xrea.com,Male,240.226.210.14,PO Box 61279
826,Eudora,Greenleaf,egreenleafmx@mysql.com,Female,179.145.117.241,13th Floor
827,Nil,Gowler,ngowlermy@jalbum.net,Male,166.80.193.80,Room 52
828,Bradan,Chatel,bchatelmz@github.com,Non-binary,67.254.150.200,18th Floor
829,Kiley,McOrkill,kmcorkilln0@soup.io,Male,148.149.213.105,Room 1265
830,Kristoffer,Arnould,karnouldn1@hubpages.com,Male,132.115.184.81,Apt 1402
831,Annemarie,Pulhoster,apulhostern2@princeton.edu,Female,0.152.116.73,Apt 409
832,Duane,Oughton,doughtonn3@addthis.com,Male,3.102.66.238,Apt 1878
833,Nichols,Lamprecht,nlamprechtn4@elegantthemes.com,Male,220.97.201.164,Suite 65
834,Parke,Fardon,pfardonn5@weibo.com,Male,83.56.86.127,PO Box 82080
835,Adrienne,Caudrey,acaudreyn6@state.gov,Female,177.69.17.245,9th Floor
836,Gordan,Dellenbrok,gdellenbrokn7@mashable.com,Male,69.135.11.30,Room 597
837,Silva,Richley,srichleyn8@tumblr.com,Female,62.163.211.158,PO Box 53442
838,Aldwin,Neljes,aneljesn9@ustream.tv,Male,41.239.81.159,
839,Roseann,Tootin,rtootinna@java.com,Female,99.164.68.254,
840,Gaspard,Lawrance,glawrancenb@shinystat.com,Male,140.54.124.84,PO Box 75835
841,Phillipe,Groneway,pgronewaync@vistaprint.com,Male,223.79.113.21,6th Floor
842,Zebulen,Tubby,ztubbynd@51.la,Genderqueer,72.250.98.26,Apt 657
843,Royce,Bettles,rbettlesne@parallels.com,Male,136.221.118.75,Apt 454
844,Allyn,Hise,ahisenf@ustream.tv,Male,151.165.203.27,PO Box 98389
845,Consalve,Buterton,cbutertonng@unesco.org,Male,21.82.61.154,Apt 361
846,Spike,Lemmens,slemmensnh@rakuten.co.jp,Male,52.191.4.102,Room 589
847,Eilis,Blasius,eblasiusni@meetup.com,Genderfluid,159.106.121.83,Suite 47
848,Tillie,Rockwell,trockwellnj@storify.com,Female,53.40.157.29,
849,Webster,Kiehl,wkiehlnk@yellowbook.com,Male,15.67.6.124,Suite 78
850,Gardiner,Fabler,gfablernl@taobao.com,Male,168.207.78.140,PO Box 89367
851,Gilbertine,Leemans,gleemansnm@va.gov,Genderfluid,241.3.67.168,
852,Clare,Peevor,cpeevornn@flickr.com,Female,82.239.114.131,Apt 461
853,Sheree,Doxsey,sdoxseyno@meetup.com,Female,205.134.152.225,Room 831
854,Glynis,Leigh,gleighnp@va.gov,Female,123.184.136.114,7th Floor
855,Griffith,Hurlestone,ghurlestonenq@blogspot.com,Male,100.234.21.131,PO Box 6760
856,Fabian,Glantz,fglantznr@slate.com,Male,210.58.32.120,PO Box 9571
857,Stefania,Lannin,slanninns@themeforest.net,Female,50.70.114.60,PO Box 10449
858,Barbara-anne,Feveryear,bfeveryearnt@prnewswire.com,Female,118.170.154.45,PO Box 89033
859,Arlee,Konneke,akonnekenu@ebay.co.uk,Female,237.231.113.160,Room 76
860,Oby,Laugier,olaugiernv@biblegateway.com,Male,16.195.174.3,Apt 464
861,Chris,Eccleshall,ceccleshallnw@ustream.tv,Male,,Suite 67
862,Antoni,Hughlock,ahughlocknx@ft.com,Male,143.135.175.206,Apt 1409
863,Patton,Yapp,pyappny@uol.com.br,Male,130.189.254.111,Suite 51
864,Moishe,Kardos-Stowe,mkardosstowenz@cbslocal.com,Male,87.58.159.181,20th Floor
865,Ferd,Scotchmor,fscotchmoro0@bandcamp.com,Male,5.254.122.186,Apt 1639
866,Vinny,Robberts,vrobbertso1@va.gov,Female,62.142.104.18,Suite 45
867,Nady,Murgatroyd,nmurgatroydo2@ning.com,Female,30.57.19.33,Suite 39
868,Querida,Schoales,qschoaleso3@who.int,Female,197.49.158.87,
869,Irene,Dutson,idutsono4@seesaa.net,Female,159.203.120.127,PO Box 24377
870,Dermot,Iverson,diversono5@bandcamp.com,Male,31.177.58.153,
871,Tyrus,Snar,tsnaro6@naver.com,Genderfluid,52.181.203.188,Room 1857
872,Marya,Calverd,mcalverdo7@icio.us,Female,77.211.201.13,Apt 1173
873,Gaelan,Ribbon,gribbono8@discuz.net,Male,8.145.126.133,Apt 1710
874,Lazarus,Virgo,lvirgoo9@illinois.edu,Male,201.199.171.225,Room 770
875,Berkie,Kynsey,bkynseyoa@hubpages.com,Male,208.203.29.183,Room 1936
876,Kele,Somerscales,ksomerscalesob@last.fm,,124.150.174.195,
877,Wyn,Shearwood,wshearwoodoc@marketwatch.com,Male,0.131.124.120,
878,Rodger,Chopin,rchopinod@comsenz.com,Male,243.45.125.120,20th Floor
879,Murray,Rattrie,mrattrieoe@rakuten.co.jp,Male,94.153.123.98,12th Floor
880,Bucky,Honacker,bhonackerof@mit.edu,Male,27.93.178.193,1st Floor
881,Constancia,Cahen,ccahenog@printfriendly.com,Female,69.131.67.45,PO Box 96889
882,Madelene,Baytrop,mbaytropoh@webmd.com,Female,19.67.244.161,Room 37
883,Lock,Byrch,lbyrchoi@skype.com,Male,243.222.238.127,Room 613
884,Delinda,Bentote,dbentoteoj@npr.org,Female,120.231.59.152,11th Floor
885,Devan,Joutapavicius,djoutapaviciusok@washingtonpost.com,Female,7.62.139.206,2nd Floor
886,Martyn,Farress,mfarressol@flavors.me,Male,244.169.92.65,4th Floor
887,Nilson,Thoday,nthodayom@hp.com,Male,140.7.103.101,Apt 810
888,Skippie,Desbrow,sdesbrowon@usatoday.com,Male,153.43.190.185,PO Box 79052
889,Joelie,Antrobus,jantrobusoo@sciencedirect.com,Female,121.109.155.241,Suite 81
890,Florenza,Solland,fsollandop@gov.uk,Female,146.135.157.33,
891,Rik,Kloster,rklosteroq@technorati.com,Male,250.224.163.178,Room 802
892,Ellis,Perocci,eperoccior@bizjournals.com,Male,112.160.183.45,Suite 47
893,Tabitha,Nulty,tnultyos@dedecms.com,Female,234.243.206.4,Room 1620
894,Axe,Colin,acolinot@wp.com,Male,81.42.101.61,Room 352
895,Bradford,Cato,bcatoou@pagesperso-orange.fr,Male,224.159.36.25,
896,Jobye,Bilbey,jbilbeyov@macromedia.com,Female,8.8.187.61,Apt 1373
897,Stanley,Lage,slageow@umich.edu,Male,235.227.56.28,
898,Tamar,Nalder,tnalderox@google.com,Female,99.244.240.246,Apt 470
899,Ervin,Ruckledge,eruckledgeoy@admin.ch,Male,242.254.241.106,Apt 1457
900,Natasha,Burnep,nburnepoz@oracle.com,Female,137.101.227.146,Room 740
901,Tyrus,Dameisele,tdameiselep0@istockphoto.com,Male,128.188.19.52,Room 1210
902,Nikkie,Quiddington,nquiddingtonp1@vistaprint.com,Female,33.252.181.85,
903,Brucie,Neggrini,bneggrinip2@who.int,Male,,
904,Estevan,Leetham,eleethamp3@vkontakte.ru,Male,142.140.190.235,PO Box 82082
905,Allina,Witcherley,awitcherleyp4@privacy.gov.au,Female,73.73.152.225,PO Box 4936
906,Aurthur,Geffcock,ageffcockp5@linkedin.com,,36.251.188.63,Suite 59
907,Sidoney,Pashby,spashbyp6@scientificamerican.com,Female,150.121.28.18,Room 719
908,Lanny,Surplice,lsurplicep7@boston.com,Male,236.110.148.193,PO Box 33309
909,Farleigh,Artharg,farthargp8@unblog.fr,Male,48.13.1.65,
910,Gasper,Duckit,gduckitp9@google.ca,Male,93.242.185.78,PO Box 77036
911,Mirella,Harwick,mharwickpa@jugem.jp,Female,,Apt 836
912,Had,Mirando,hmirandopb@arstechnica.com,Male,194.243.108.165,
913,Shermie,Sullivan,ssullivanpc@shop-pro.jp,Male,163.157.217.7,Room 1384
914,Randi,Bantock,rbantockpd@economist.com,Female,116.113.15.174,
915,Saunder,Rossetti,srossettipe@ycombinator.com,,37.63.236.7,Apt 237
916,Kristoffer,Ozanne,kozannepf@t-online.de,Male,235.221.239.123,Room 1456
917,Griselda,Hischke,ghischkepg@de.vu,Female,22.239.242.172,
918,Granthem,Leckenby,gleckenbyph@cnn.com,Male,159.207.27.157,
919,Erika,Shergill,eshergillpi@baidu.com,Female,70.45.175.51,Apt 1925
920,Otto,Wharton,owhartonpj@1und1.de,Polygender,102.218.248.195,PO Box 71076
921,Kingsley,Wedlake,kwedlakepk@purevolume.com,Male,125.220.225.75,Room 45
922,Tilda,Suero,tsueropl@acquirethisname.com,Female,226.244.237.80,
923,Josephine,Imlacke,jimlackepm@intel.com,Female,81.181.177.25,Apt 27
924,Tyson,Scandred,tscandredpn@dailymail.co.uk,Male,82.104.197.145,Apt 120
925,Dreddy,Pickavance,dpickavancepo@cloudflare.com,Polygender,150.3.145.139,Apt 750
926,Holly,Daintrey,hdaintreypp@wikia.com,Female,95.140.153.170,Suite 29
927,Hagen,Targetter,htargetterpq@theglobeandmail.com,Male,53.4.32.205,PO Box 20833
928,Viviene,Ramalho,vramalhopr@ucoz.ru,,215.139.37.109,PO Box 25181
929,Kyle,Staveley,kstaveleyps@oaic.gov.au,Non-binary,98.69.236.228,
930,Gipsy,Satch,gsatchpt@ebay.co.uk,Female,,8th Floor
931,Hermann,Osorio,hosoriopu@hostgator.com,Male,138.191.44.94,Room 641
932,Dierdre,Sharland,dsharlandpv@google.com.au,Female,,
933,Nadean,Woolfenden,nwoolfendenpw@plala.or.jp,Female,33.255.133.165,11th Floor
934,Dell,Broadbury,dbroadburypx@dailymotion.com,Male,164.237.42.233,Apt 248
935,Blinnie,Karlik,bkarlikpy@yandex.ru,Female,56.85.232.193,2nd Floor
936,Nikki,Rubinow,nrubinowpz@hao123.com,Male,200.103.170.95,
937,Drusi,Jermyn,djermynq0@apple.com,Female,207.41.137.118,Room 1005
938,Tiena,Cesaric,tcesaricq1@mtv.com,Female,41.155.214.141,Apt 1737
939,Aldrich,Theobald,atheobaldq2@jigsy.com,Male,244.81.110.48,Room 1465
940,Sheff,Dionisetti,sdionisettiq3@wordpress.com,Male,107.217.152.95,5th Floor
941,Kizzie,Mackelworth,kmackelworthq4@bloglines.com,Female,159.67.90.190,
942,Chery,Ferson,cfersonq5@admin.ch,Female,122.114.208.218,
943,Cornall,Gilgryst,cgilgrystq6@adobe.com,Male,214.228.213.222,
944,Mark,Risebrow,mrisebrowq7@cargocollective.com,Male,76.56.116.17,19th Floor
945,Garwin,Fould,gfouldq8@example.com,Male,227.1.196.145,13th Floor
946,Adlai,Giuroni,agiuroniq9@hugedomains.com,,161.190.194.74,Apt 1263
947,Adriano,Whopples,awhopplesqa@altervista.org,Male,139.218.74.122,
948,Hillard,Ranahan,hranahanqb@arstechnica.com,Male,172.237.35.244,Room 751
949,Boniface,Mattedi,bmattediqc@imgur.com,Male,30.235.31.152,PO Box 48472
950,Elyssa,Touret,etouretqd@mozilla.com,Female,245.173.23.136,Room 110
951,Porter,Archdeckne,parchdeckneqe@independent.co.uk,Male,195.44.179.135,PO Box 88619
952,Chandra,Cardoe,ccardoeqf@go.com,Female,148.100.168.115,PO Box 27430
953,Hyacinthe,Gore,hgoreqg@house.gov,Female,183.192.153.124,
954,Alane,Lyver,alyverqh@people.com.cn,Female,4.150.254.109,PO Box 36120
955,Abbe,McCauley,amccauleyqi@omniture.com,Female,45.175.22.208,Room 1270
956,Ignaz,Coope,icoopeqj@foxnews.com,Male,221.14.79.198,
957,Ethelda,Beevens,ebeevensqk@shareasale.com,Female,20.203.245.228,19th Floor
958,Gertrud,Struan,gstruanql@artisteer.com,Female,255.138.20.62,Suite 7
959,Ermentrude,Tippings,etippingsqm@altervista.org,Female,156.96.154.148,
960,Abran,Iveson,aivesonqn@latimes.com,Male,,Apt 1936
961,Gilburt,Levine,glevineqo@dyndns.org,Non-binary,255.212.218.140,19th Floor
962,Sonnie,Ciccone,scicconeqp@washington.edu,Polygender,224.171.4.163,PO Box 7401
963,Yolane,Chretien,ychretienqq@cloudflare.com,Female,191.48.214.245,
964,Arnoldo,Mains,amainsqr@pcworld.com,Male,220.6.132.38,
965,Almeria,Horche,ahorcheqs@illinois.edu,Female,66.206.127.97,Apt 196
966,Albert,Crenshaw,acrenshawqt@sun.com,Male,97.70.159.112,10th Floor
967,Marga,Lipp,mlippqu@yahoo.com,Female,20.232.161.11,19th Floor
968,Morse,Loyd,mloydqv@example.com,Male,27.129.76.226,PO Box 52679
969,Mikey,Willgress,mwillgressqw@godaddy.com,Male,199.50.31.209,PO Box 89097
970,Merrili,Mills,mmillsqx@ox.ac.uk,Female,209.103.85.136,PO Box 74014
971,Susannah,Stitt,sstittqy@feedburner.com,Female,119.209.85.181,Room 1841
972,Ardeen,Craydon,acraydonqz@reference.com,Female,46.81.246.235,Room 31
973,Annabelle,Woodfield,awoodfieldr0@wordpress.org,Female,45.152.197.102,20th Floor
974,Timi,Boschmann,tboschmannr1@nih.gov,Female,202.253.29.212,Suite 14
975,Red,Sherel,rsherelr2@un.org,Male,27.230.113.154,15th Floor
976,Gareth,Lewknor,glewknorr3@marketwatch.com,Male,37.126.151.159,PO Box 16578
977,Francesca,Raymond,fraymondr4@zdnet.com,Female,0.70.217.244,Suite 89
978,Pieter,Quye,pquyer5@archive.org,Male,241.105.44.216,Apt 897
979,Karlotte,Salvadori,ksalvadorir6@house.gov,Genderfluid,15.74.243.69,Apt 1158
980,Rosella,Yardy,ryardyr7@cnet.com,Female,1.32.2.204,Apt 971
981,Aluino,Huyton,ahuytonr8@discovery.com,Male,196.14.52.111,
982,Berkie,Plows,bplowsr9@simplemachines.org,Male,158.89.156.108,Room 424
983,Johannah,Theseira,jtheseirara@friendfeed.com,Female,218.109.60.180,14th Floor
984,Justin,Shearme,jshearmerb@prweb.com,Male,206.82.242.222,Suite 64
985,Rice,Baudinet,rbaudinetrc@google.it,Male,206.24.145.187,PO Box 26470
986,Aylmer,Exposito,aexpositord@umn.edu,Male,252.137.42.38,Suite 4
987,Benjy,Humbert,bhumbertre@de.vu,Male,12.46.23.3,
988,Spence,Jentgens,sjentgensrf@hp.com,Male,,Apt 1033
989,Jess,Hinder,jhinderrg@unblog.fr,Female,9.121.86.251,Apt 1190
990,Ardith,Twede,atwederh@usgs.gov,Female,129.165.226.95,20th Floor
991,Larissa,Atkyns,latkynsri@friendfeed.com,Polygender,122.159.37.205,Suite 53
992,Ania,Burnyeat,aburnyeatrj@booking.com,Female,44.250.153.96,PO Box 91942
993,Ricki,Kewley,rkewleyrk@twitpic.com,Female,87.127.36.130,Suite 77
994,Faunie,Labbati,flabbatirl@people.com.cn,Female,160.128.164.22,Suite 29
995,Goober,Twycross,gtwycrossrm@dagondesign.com,Male,149.70.93.135,PO Box 27233
996,Leroy,Carr,lcarrrn@yolasite.com,Male,145.239.40.114,Apt 1478
997,Matthieu,Kesterton,mkestertonro@java.com,Male,213.187.32.117,PO Box 38698
998,Opalina,Phare,opharerp@wikimedia.org,Female,88.106.120.132,PO Box 38691
999,Jason,Brimilcombe,jbrimilcomberq@csmonitor.com,Polygender,79.29.72.11,Room 1844
1000,Royall,Cockram,rcockramrr@howstuffworks.com,Male,64.112.122.247,Apt 29
